time,000001.SH,399001.SZ,399006.SZ,000300.SH,000016.SH,000905.SH
2002-01-04,1628.682,3295.7705,0,0,0,0
2002-01-11,1570.7199999999998,3161.6212,0,1279.7036,0,0
2002-01-18,1451.8674,2869.2366,0,1179.0174,0,0
2002-01-25,1415.7024000000001,2813.0988000000007,0,1156.1538,0,0
2002-02-01,1425.2728,2840.5860000000002,0,1167.3139999999999,0,0
2002-02-08,1507.4836,3016.689,0,1235.3428,0,0
2002-03-01,1525.4548,3037.9282,0,1247.1122,0,0
2002-03-08,1581.8696000000002,3176.6688000000004,0,1298.0334,0,0
2002-03-15,1643.4689999999998,3315.7421999999997,0,1359.522,0,0
2002-03-22,1665.2923999999998,3329.0080000000003,0,1369.6786,0,0
2002-03-29,1646.7164,3250.8702000000003,0,1348.6236000000001,0,0
2002-04-05,1612.4478,3174.2128000000002,0,1317.266,0,0
2002-04-12,1658.8678,3238.2284,0,1350.7172,0,0
2002-04-19,1639.4977999999999,3175.2681999999995,0,1337.0074,0,0
2002-04-26,1623.917,3127.5544,0,1319.4904000000001,0,0
2002-04-30,1666.7804999999998,3240.937,0,1351.696,0,0
2002-05-10,1647.048,3231.209666666667,0,1340.8419999999999,0,0
2002-05-17,1591.1046000000001,3125.4734,0,1294.074,0,0
2002-05-24,1563.0408,3116.8566,0,1277.7338,0,0
2002-05-31,1535.5266000000001,3066.8388,0,1254.24,0,0
2002-06-07,1497.3264,3022.0796,0,1225.5322,0,0
2002-06-14,1515.7984000000001,3057.9235999999996,0,1240.2256,0,0
2002-06-21,1521.3701999999998,3077.4634000000005,0,1248.6286,0,0
2002-06-28,1716.6228000000003,3511.2584,0,1417.9450000000002,0,0
2002-07-05,1720.9792000000002,3538.5703999999996,0,1419.3108000000002,0,0
2002-07-12,1711.9964000000004,3490.6526,0,1403.2894000000001,0,0
2002-07-19,1700.0118000000002,3455.3597999999997,0,1391.0956,0,0
2002-07-26,1669.9756000000002,3418.1218,0,1371.0384000000001,0,0
2002-08-02,1660.2298000000003,3420.4726,0,1362.8324,0,0
2002-08-09,1659.8978,3411.6886,0,1359.8511999999998,0,0
2002-08-16,1639.8156,3377.6894,0,1344.934,0,0
2002-08-23,1671.7038,3450.1648,0,1369.8262,0,0
2002-08-30,1672.2164,3446.8102,0,1365.6612,0,0
2002-09-06,1656.0013999999999,3419.9472,0,1352.6906,0,0
2002-09-13,1623.4730000000002,3343.4034,0,1322.0834,0,0
2002-09-20,1605.563,3285.9084000000003,0,1305.6236000000001,0,0
2002-09-27,1593.2854,3273.1164,0,1296.1324,0,0
2002-10-11,1538.2042499999998,3140.4655000000002,0,1249.791,0,0
2002-10-18,1525.2855999999997,3106.5132,0,1238.4724,0,0
2002-10-25,1535.7653999999998,3099.264,0,1245.1745999999998,0,0
2002-11-01,1508.3122,3034.2362,0,1225.0654,0,0
2002-11-08,1543.8132,3127.0557999999996,0,1253.0806,0,0
2002-11-15,1481.0531999999998,3000.8176000000003,0,1199.2505999999998,0,0
2002-11-22,1425.0866,2892.8508,0,1153.1622000000002,0,0
2002-11-29,1400.0128,2847.4849999999997,0,1135.6779999999999,0,0
2002-12-06,1405.8754000000001,2854.8956,0,1140.9294,0,0
2002-12-13,1388.942,2819.8528000000006,0,1126.1796,0,0
2002-12-20,1415.5726,2875.4928,0,1147.2938,0,0
2002-12-27,1409.9328,2862.6452,0,1141.857,0,0
2003-01-03,1341.1285,2726.8827499999998,0,1090.27225,0,0
2003-01-10,1364.2099999999998,2775.4652,0,1106.4168000000002,0,0
2003-01-17,1455.4756,2958.8528000000006,0,1175.0894,0,0
2003-01-24,1465.5575999999999,2972.35,0,1179.3498,0,0
2003-01-29,1498.8703333333333,3042.233666666667,0,1205.925,0,0
2003-02-14,1499.7784,3039.0908000000004,0,1205.8193999999999,0,0
2003-02-21,1498.4302,3023.7558,0,1206.598,0,0
2003-02-28,1506.4044,3037.2948,0,1210.3124,0,0
2003-03-07,1511.6804,3055.8940000000002,0,1212.972,0,0
2003-03-14,1468.8336,2982.9448,0,1178.2278,0,0
2003-03-21,1467.6646,2990.3174,0,1178.9068,0,0
2003-03-28,1477.5449999999998,3011.0264,0,1187.114,0,0
2003-04-04,1517.4602,3124.3458,0,1220.1191999999999,0,0
2003-04-11,1541.4794,3215.1906000000004,0,1242.5566,0,0
2003-04-18,1614.0926000000002,3424.7506000000003,0,1307.2054,0,0
2003-04-25,1534.6206,3256.917,0,1245.4984000000002,0,0
2003-04-30,1522.816,3264.4966666666664,0,1240.7326666666668,0,0
2003-05-16,1529.967,3325.7934,0,1251.6932,0,0
2003-05-23,1546.3036,3426.6808000000005,0,1270.0606,0,0
2003-05-30,1566.8162,3485.2654,0,1291.94,0,0
2003-06-06,1561.609,3448.2462,0,1284.837,0,0
2003-06-13,1552.7378,3377.0415999999996,0,1266.8388,0,0
2003-06-20,1547.7962,3356.9873999999995,0,1261.508,0,0
2003-06-27,1507.66,3259.0271999999995,0,1230.584,0,0
2003-07-04,1495.4389999999999,3254.299,0,1223.7678,0,0
2003-07-11,1515.5196,3340.547,0,1243.4942,0,0
2003-07-18,1524.5728000000001,3394.4384,0,1255.2642,0,0
2003-07-25,1493.524,3317.5233999999996,0,1231.3156000000001,0,0
2003-08-01,1476.2104000000002,3300.2872,0,1220.7286,0,0
2003-08-08,1486.7142,3341.1096000000007,0,1232.6276,0,0
2003-08-15,1465.125,3283.5062,0,1212.6368,0,0
2003-08-22,1443.2876,3227.728,0,1196.2784,0,0
2003-08-29,1422.0852,3179.6832000000004,0,1176.5962,0,0
2003-09-05,1444.6272000000001,3226.0874,0,1195.1934,0,0
2003-09-12,1420.42,3147.8002,0,1173.4046,0,0
2003-09-19,1395.0642,3103.5076,0,1151.3492,0,0
2003-09-26,1382.596,3079.0086,0,1141.3814,0,0
2003-09-30,1361.248,3036.1549999999997,0,1121.8455,0,0
2003-10-10,1381.6223333333335,3125.135333333333,0,1138.4856666666667,0,0
2003-10-17,1381.403,3146.303,0,1137.1126,0,0
2003-10-24,1378.0584000000001,3166.545,0,1136.2957999999999,0,0
2003-10-31,1358.6421999999998,3178.5518,0,1121.3600000000001,0,0
2003-11-07,1366.141,3261.4460000000004,0,1126.0514,0,0
2003-11-14,1330.4327999999998,3200.1241999999997,0,1099.5894,0,0
2003-11-21,1344.3200000000002,3170.2614000000003,0,1103.9188,0,0
2003-11-28,1402.132,3269.8048,0,1146.6779999999999,0,0
2003-12-05,1443.3939999999998,3352.2816,0,1172.9384,0,0
2003-12-12,1458.0531999999998,3350.1495999999997,0,1177.2241999999999,0,0
2003-12-19,1458.855,3353.1046,0,1173.8946,0,0
2003-12-26,1506.9599999999998,3490.447,0,1205.2868,0,0
2004-01-02,1505.5887500000001,3492.3940000000002,0,1201.42725,0,0
2004-01-09,1584.3344000000002,3696.4188000000004,0,1261.7228,1081.4414000000002,0
2004-01-16,1602.1084,3732.3741999999997,0,1284.7482,1091.2977999999998,0
2004-01-30,1609.783,3766.8765000000003,0,1296.6405,1084.0785,0
2004-02-06,1666.1883999999998,3821.3016,0,1335.6398000000002,1114.6214,0
2004-02-13,1678.9336000000003,3871.977,0,1354.9289999999999,1111.2214,0
2004-02-20,1711.2928,3960.4072,0,1384.4186000000002,1124.7364000000002,0
2004-02-27,1668.2594000000001,3888.2248,0,1346.4936,1085.0446,0
2004-03-05,1673.964,3928.4786,0,1352.5858,1082.0402,0
2004-03-12,1667.7404,3890.8060000000005,0,1338.5618,1080.8006,0
2004-03-19,1738.3986,4049.7306,0,1389.7584,1128.8074000000001,0
2004-03-26,1741.5916000000002,4047.114,0,1389.3565999999998,1119.9304000000002,0
2004-04-02,1742.4732,4060.5184,0,1386.2505999999998,1112.5420000000001,0
2004-04-09,1763.2356,4130.9136,0,1398.8438,1112.1129999999998,0
2004-04-16,1701.643,3962.0374,0,1340.104,1069.121,0
2004-04-23,1658.034,3836.6399999999994,0,1295.0967999999998,1047.1362000000001,0
2004-04-30,1605.8388,3688.1704,0,1254.545,1028.4978,0
2004-05-14,1578.4599999999998,3526.4297999999994,0,1220.2032,1008.8054,0
2004-05-21,1552.2158,3488.0235999999995,0,1205.0605999999998,988.0494000000001,0
2004-05-28,1539.7458,3503.2585999999997,0,1194.3834,990.8726,0
2004-06-04,1557.6488,3572.8342,0,1205.8416,997.9451999999999,0
2004-06-11,1483.8892,3418.0737999999997,0,1150.8356,951.2819999999999,0
2004-06-18,1450.1462,3327.0968000000003,0,1122.2608,930.1318000000001,0
2004-06-25,1430.7492,3292.4818,0,1104.2905999999998,907.7808000000001,0
2004-07-02,1415.0580000000002,3314.389,0,1091.9884,906.8255999999999,0
2004-07-09,1440.7851999999998,3371.9614,0,1113.6532,926.93,0
2004-07-16,1415.6075999999998,3331.1148000000003,0,1099.1156,919.1132,0
2004-07-23,1433.6698000000001,3390.0058000000004,0,1117.0993999999998,931.0676,0
2004-07-30,1390.8282000000002,3297.7398000000003,0,1090.606,907.6366,0
2004-08-06,1384.6960000000001,3269.3836,0,1086.9478,907.394,0
2004-08-13,1383.6453999999999,3269.4154,0,1086.0408,915.3452000000001,0
2004-08-20,1351.0230000000001,3210.7186,0,1066.2720000000002,906.9714,0
2004-08-27,1332.9718,3154.3124,0,1050.4782,891.519,0
2004-09-03,1327.5948,3138.5744,0,1044.6550000000002,883.8710000000001,0
2004-09-10,1305.296,3093.791,0,1028.0932,863.4956,0
2004-09-17,1340.3604,3174.2201999999997,0,1054.7266,884.5376,0
2004-09-24,1446.4545999999998,3472.5862,0,1141.9186,954.325,0
2004-09-30,1419.924,3477.97275,0,1124.4297499999998,938.68175,0
2004-10-08,1422.929,3548.405,0,1131.915,936.008,0
2004-10-15,1369.554,3405.415,0,1091.1652,896.8882,0
2004-10-22,1328.6991999999998,3319.2695999999996,0,1061.2242,878.0047999999999,0
2004-10-29,1328.2012,3267.1648,0,1059.4212,876.0120000000001,0
2004-11-05,1308.6943999999999,3154.205,0,1039.0762,865.1356,0
2004-11-12,1333.0662,3192.6688000000004,0,1058.2372,883.7896000000001,0
2004-11-19,1368.8722,3272.7168000000006,0,1084.0314,903.5262,0
2004-11-26,1365.6897999999999,3269.3981999999996,0,1081.646,893.6208,0
2004-12-03,1336.6871999999998,3212.7794,0,1059.3422,875.3292000000001,0
2004-12-10,1329.2722,3193.5104,0,1052.1392,871.8673999999999,0
2004-12-17,1305.1601999999998,3188.3666,0,1033.1792,863.9342,0
2004-12-24,1285.1907999999999,3124.094,0,1016.6866,851.7223999999999,0
2004-12-31,1274.7466,3106.2078,0,1006.5315999999999,845.3724,0
2005-01-07,1244.72175,3035.6475,0,985.6225000000001,826.1535,995.6902499999999
2005-01-14,1253.7440000000001,3065.3056,0,994.5889999999999,834.2708,1007.3077999999999
2005-01-21,1219.8168,3009.5202000000004,0,969.64,815.356,983.2328
2005-01-28,1238.3066000000001,3102.4126,0,985.9351999999999,832.2234000000001,983.8938
2005-02-04,1228.913,3159.0953999999997,0,985.5631999999999,842.6998,941.5134
2005-02-18,1271.3276666666668,3260.595,0,1016.7483333333333,867.2523333333334,971.4593333333332
2005-02-25,1305.1252,3365.8894,0,1041.7084,878.9706,1011.4658
2005-03-04,1295.7836,3338.628599999999,0,1029.724,862.4400000000002,1012.5310000000002
2005-03-11,1300.9950000000001,3413.5084,0,1035.0488,862.976,1016.7878000000001
2005-03-18,1257.8222,3335.959,0,1003.8284,835.8206,981.1975999999999
2005-03-25,1210.6886,3235.1852000000003,0,966.5366,809.5637999999999,932.015
2005-04-01,1194.5014,3202.9016,0,954.6536,803.4903999999999,910.4594000000001
2005-04-08,1216.7176,3308.5842000000002,0,975.9224,818.004,922.3922
2005-04-15,1231.9959999999999,3333.7122000000004,0,987.2149999999999,825.6204000000001,934.9688
2005-04-22,1184.7146,3227.173,0,952.7213999999998,800.5062,882.543
2005-04-29,1160.0654,3173.0434,0,933.6450000000001,789.8188000000001,848.8956000000001
2005-05-13,1120.4574,2990.4738,0,899.4928,767.4370000000001,814.089
2005-05-20,1100.1634000000001,2895.1802,0,881.3726,751.8199999999999,819.0678
2005-05-27,1065.5282,2845.1714,0,861.4174,733.1696,800.4372000000001
2005-06-03,1037.9573999999998,2714.0548,0,837.1004,716.1791999999999,781.6930000000001
2005-06-10,1084.0477999999998,2841.7306,0,877.8423999999999,749.6414,816.1488
2005-06-17,1088.8422,2828.561,0,880.5824,755.8502000000001,810.557
2005-06-24,1102.9446,2845.5934,0,898.988,773.0772,816.2254
2005-07-01,1094.9504000000002,2824.3929999999996,0,891.3674000000001,767.3598,803.862
2005-07-08,1035.2892,2699.7652000000003,0,844.4770000000001,737.2338000000001,741.5588
2005-07-15,1032.317,2716.7418000000002,0,842.5470000000001,746.1346,726.6968
2005-07-22,1022.8914000000001,2716.9638,0,842.9848,754.7314,706.688
2005-07-29,1075.5394000000001,2851.5826,0,881.2801999999999,783.2748,739.3596
2005-08-05,1106.4034,2967.4174,0,906.5456,798.5124,767.3221999999998
2005-08-12,1161.5886,3076.3415999999997,0,938.6475999999999,820.8128,817.4738
2005-08-19,1171.0674000000001,3061.0416,0,939.2562000000001,826.711,834.9979999999999
2005-08-26,1164.0051999999998,2989.1943999999994,0,928.8227999999999,822.4724,830.3950000000001
2005-09-02,1167.4784,2957.6670000000004,0,930.5193999999999,818.8986000000001,848.566
2005-09-09,1189.5782,3012.9433999999997,0,949.2864000000002,824.1933999999999,880.8198
2005-09-16,1208.5729999999999,3048.8876,0,964.1132,830.0082,907.7996
2005-09-23,1186.6344000000001,2969.6138,0,943.3781999999999,812.0144,902.5995999999999
2005-09-30,1146.2304,2875.175,0,911.957,788.9732,864.9914000000001
2005-10-14,1150.0297999999998,2867.5728,0,914.3706000000002,788.9992,876.917
2005-10-21,1136.8902,2780.4506,0,900.6124,771.637,888.0696
2005-10-28,1107.7798,2699.2214,0,884.0644,757.3066,860.4036
2005-11-04,1096.5754,2675.6628,0,876.9122,758.7862,831.2662
2005-11-11,1099.4892,2681.4138,0,873.1623999999999,752.2992,836.2604000000001
2005-11-18,1096.872,2652.0206,0,865.3603999999999,746.2164,828.8574000000001
2005-11-25,1110.5254,2713.5843999999997,0,879.0629999999999,757.6716,839.9349999999998
2005-12-02,1100.0208,2687.529,0,873.6609999999998,758.7576000000001,828.1808000000001
2005-12-09,1095.6812,2679.0879999999997,0,872.1874,764.3367999999999,805.4686000000002
2005-12-16,1122.1326,2773.0466,0,894.9534,777.4129999999999,828.7936
2005-12-23,1135.7922,2803.9572000000003,0,907.6032000000001,786.3702,836.5378000000001
2005-12-30,1159.8128,2852.1394,0,923.6278,795.9098,858.3557999999999
2006-01-06,1195.8846666666666,3013.36,0,956.8646666666667,825.776,882.134
2006-01-13,1219.1003999999998,3063.6978,0,977.8817999999999,835.3691999999999,916.5348
2006-01-20,1230.3082,3089.4856,0,978.7825999999999,829.8726,936.2858
2006-01-25,1255.2939999999999,3198.2003333333337,0,1001.6173333333332,841.859,959.7363333333333
2006-02-10,1282.3773999999999,3327.6622,0,1029.6358,858.2172,979.1610000000001
2006-02-17,1280.6347999999998,3315.5056000000004,0,1030.4588,860.8621999999999,971.6392
2006-02-24,1285.18,3356.2192000000005,0,1037.8313999999998,872.2132000000001,957.9227999999999
2006-03-03,1296.3529999999998,3353.6708,0,1047.5634,886.6276,961.5996000000001
2006-03-10,1258.0148000000002,3232.382,0,1015.2716,862.2078000000001,929.5139999999999
2006-03-17,1267.4363999999998,3293.8164000000006,0,1023.7450000000001,864.3727999999999,938.4352000000001
2006-03-24,1294.536,3382.8218,0,1043.4440000000002,874.1456000000001,968.6623999999999
2006-03-31,1298.6572,3491.8442000000005,0,1057.741,877.7536,992.7167999999999
2006-04-07,1334.4266000000002,3664.4864000000002,0,1095.0108,899.5312,1046.8732
2006-04-14,1354.6619999999998,3734.0403999999994,0,1114.1646,906.6771999999999,1086.2998000000002
2006-04-21,1392.6245999999999,3820.9716,0,1135.4950000000001,928.2887999999999,1097.2604
2006-04-28,1416.797,3818.6808000000005,0,1153.5938,945.6442,1116.25
2006-05-12,1542.8322,4112.576999999999,0,1257.4562,1020.1422,1232.3683999999998
2006-05-19,1635.8622,4314.7978,0,1343.2206,1082.2158000000002,1331.1349999999998
2006-05-26,1611.6968000000002,4205.946800000001,0,1327.6574,1065.0384,1340.4034
2006-06-02,1660.1439999999998,4318.0416,0,1380.6988,1093.0854000000002,1422.7804
2006-06-09,1619.2338,4155.887199999999,0,1348.5404000000003,1067.6853999999998,1409.6216
2006-06-16,1548.2134,3993.0718,0,1296.6442000000002,1031.7486000000001,1359.3464
2006-06-23,1595.7022000000002,4096.298,0,1335.5294,1058.4644,1413.0386
2006-06-30,1651.223,4240.989599999999,0,1375.8562,1090.5058,1471.5549999999998
2006-07-07,1713.8088,4341.3012,0,1410.6908,1108.4464,1520.1986
2006-07-14,1708.2232,4269.4174,0,1390.623,1082.4918,1520.8376
2006-07-21,1666.5498,4177.745800000001,0,1356.7081999999998,1055.2954000000002,1490.2368000000001
2006-07-28,1675.0515999999996,4162.9872000000005,0,1360.105,1061.3690000000001,1507.4631999999997
2006-08-04,1597.0854,3892.4978,0,1273.025,1007.6600000000001,1398.3478
2006-08-11,1583.714,3863.3828000000003,0,1254.9826,997.9126,1369.0531999999998
2006-08-18,1596.8310000000001,3920.5084,0,1266.9288000000001,1007.3006000000001,1385.6277999999998
2006-08-25,1614.5903999999998,3972.1342000000004,0,1285.8696,1021.0441999999999,1408.6772
2006-09-01,1650.3972,4143.935800000001,0,1329.5026000000003,1045.9170000000001,1462.855
2006-09-08,1664.5786,4149.716,0,1336.9644,1050.105,1483.6056
2006-09-15,1694.1907999999999,4138.5698,0,1345.076,1071.5888,1477.6398
2006-09-22,1733.3886000000002,4252.5004,0,1378.9106,1099.6806000000001,1513.906
2006-09-29,1729.8858,4267.9422,0,1378.2858,1095.0916,1526.2004
2006-10-13,1784.6376000000005,4379.036399999999,0,1433.3214,1150.5786,1580.586
2006-10-20,1781.0004000000001,4400.200999999999,0,1430.0233999999998,1141.7138,1581.8932
2006-10-27,1797.8084,4493.4892,0,1438.1478000000002,1160.1436,1553.4515999999999
2006-11-03,1844.2076000000002,4634.5978000000005,0,1471.6136000000001,1201.6933999999999,1542.5708
2006-11-10,1884.4966,4808.219800000001,0,1510.1888,1255.3290000000002,1524.8872000000001
2006-11-17,1917.6558,4867.783799999999,0,1519.9378,1284.2732,1466.2522000000001
2006-11-24,2041.8721999999998,5256.649,0,1620.1858,1380.587,1497.2958000000003
2006-12-01,2068.2853999999998,5523.719,0,1681.3077999999998,1397.4262000000003,1598.8498000000002
2006-12-08,2148.3849999999998,5819.0224,0,1768.3352000000002,1489.4185999999997,1638.377
2006-12-15,2229.184,6023.9338,0,1820.0693999999999,1556.9249999999997,1646.9252000000001
2006-12-22,2351.2844,6355.651199999999,0,1915.7455999999997,1631.7466000000002,1732.7074
2006-12-29,2538.9898000000003,6462.4376,0,1976.2398,1721.5894,1728.1978000000004
2007-01-05,2678.5265,6705.79,0,2069.9875,1825.628,1747.0805
2007-01-12,2755.7598000000007,7154.345200000001,0,2198.5968000000003,1911.1775999999998,1903.7312000000002
2007-01-19,2796.7616000000003,7854.233,0,2332.667,1968.6907999999999,2064.4494
2007-01-26,2919.4772,8251.4932,0,2500.3248000000003,2117.9832,2232.9952000000003
2007-02-02,2824.1608,7860.7888,0,2441.4622,2095.8280000000004,2190.3867999999998
2007-02-09,2694.5054,7499.1224,0,2353.094,1977.6119999999999,2230.8517999999995
2007-02-16,2907.1241999999997,8305.387400000001,0,2588.3478000000005,2166.6910000000003,2443.0
2007-03-02,2864.4358,8029.378999999999,0,2538.4024,2095.6198,2504.8818
2007-03-09,2877.6,8057.472199999999,0,2564.8716,2104.0898,2576.2884000000004
2007-03-16,2941.6442,8168.5364,0,2620.6940000000004,2127.3474,2720.8688
2007-03-23,3049.9056,8379.2824,0,2692.4738,2190.5451999999996,2836.0684
2007-03-30,3163.235,8595.2972,0,2782.159,2266.987,2970.7446000000004
2007-04-06,3295.6322,9053.894,0,2913.4192,2372.2892,3086.1862
2007-04-13,3477.5521999999996,9773.3734,0,3117.3458,2495.6086,3311.5236000000004
2007-04-20,3570.7853999999998,10211.1166,0,3256.7375999999995,2544.1850000000004,3543.2336000000005
2007-04-27,3743.6614,10711.9396,0,3457.7798000000003,2674.6308000000004,3821.5600000000004
2007-04-30,3841.272,10865.882,0,3558.709,2757.827,3903.689
2007-05-11,4008.6187499999996,11495.7375,0,3703.60725,2861.31575,4106.935750000001
2007-05-18,4002.0327999999995,11788.0276,0,3718.9154000000003,2842.358,4141.568
2007-05-25,4137.4443999999985,12499.5512,0,3909.1754,2903.327,4525.5692
2007-06-01,4154.1038,12897.463600000001,0,3971.846400000001,2950.652,4459.9692000000005
2007-06-08,3803.5513999999994,12274.208200000001,0,3692.7630000000004,2793.6600000000003,3791.0388
2007-06-15,4098.475199999999,13588.4704,0,4052.2882,2998.6186,4264.804399999999
2007-06-22,4205.2926,14123.9008,0,4177.3748,3094.484,4372.4278
2007-06-29,3945.5915999999997,13068.199200000001,0,3893.7774000000004,2970.2486,3829.2848
2007-07-06,3789.8805999999995,12384.856600000001,0,3716.2364000000002,2870.1208,3588.714
2007-07-13,3886.4691999999995,12796.252199999999,0,3804.7684,2950.7096,3659.6464
2007-07-20,3923.9921999999997,12828.3182,0,3814.8144,2977.8088000000002,3639.1625999999997
2007-07-27,4287.8942,14393.430400000001,0,4236.7732000000005,3273.1492,4109.0562
2007-08-03,4436.1736,15359.4802,0,4439.1818,3383.1012,4332.533799999999
2007-08-10,4689.1918,16452.7252,0,4720.1174,3643.3032,4432.1568
2007-08-17,4796.9508000000005,16106.5344,0,4732.807,3726.478,4401.7216
2007-08-24,4996.0598,17257.131,0,5052.6674,3960.5084,4671.5402
2007-08-31,5168.1886,17735.466,0,5240.956,4124.8182,4779.4234
2007-09-07,5319.330400000001,17992.936,0,5369.9169999999995,4174.393999999999,5000.9673999999995
2007-09-14,5245.5312,17723.9004,0,5290.2836,4101.85,4867.4754
2007-09-21,5433.3207999999995,18266.8902,0,5471.6056,4204.7336,5056.1716
2007-09-28,5442.2234,18380.5726,0,5467.600199999999,4212.3348000000005,5011.335400000001
2007-10-12,5799.321,19258.7812,0,5702.4241999999995,4485.902,5047.294400000001
2007-10-19,5960.3506,19050.3086,0,5750.5146,4622.693799999999,4878.421
2007-10-26,5687.1706,18486.8606,0,5465.876,4442.073999999999,4490.8184
2007-11-02,5858.4098,19021.6674,0,5574.226000000001,4579.5218,4397.6058
2007-11-09,5483.673400000001,17819.197600000003,0,5232.535400000001,4286.8048,4300.325000000001
2007-11-16,5288.0176,16998.8746,0,5030.4318,4152.1884,4180.998399999999
2007-11-23,5158.807200000001,16512.6408,0,4938.039199999999,4028.9113999999995,4260.133400000001
2007-11-30,4899.692999999999,15730.859999999997,0,4747.8926,3876.1023999999998,4129.4134
2007-12-07,4990.7966,16351.5036,0,4916.048,4027.271399999999,4258.1222
2007-12-14,5079.698399999999,16696.7328,0,5042.580400000001,4073.3010000000004,4493.123
2007-12-21,4960.006600000001,16402.8344,0,4954.505999999999,3959.8764,4570.4803999999995
2007-12-28,5247.8492,17455.716800000002,0,5278.955599999999,4199.0766,4882.3488
2008-01-04,5318.083,17963.286333333333,0,5430.262333333333,4244.263333333333,5199.238333333334
2008-01-11,5431.379800000001,18639.7128,0,5613.9412,4401.4478,5332.7926
2008-01-18,5312.8876,18513.783199999998,0,5542.8032,4317.7284,5386.701
2008-01-25,4731.331,16892.339200000002,0,4995.871,3834.29,4969.745199999999
2008-02-01,4399.849400000001,16029.211,0,4679.3928,3549.6598,4710.581
2008-02-05,4635.933,16945.652000000002,0,4935.9765,3781.1465,4829.691
2008-02-15,4513.388,16567.87,0,4836.549,3671.0996666666665,4869.985
2008-02-22,4539.386799999999,16817.0258,0,4883.7466,3651.9248,5089.748600000001
2008-02-29,4282.562999999999,15609.167000000001,0,4594.338,3412.3059999999996,4952.566400000001
2008-03-07,4345.5732,15758.385999999999,0,4679.466200000001,3437.246,5194.8598
2008-03-14,4063.2445999999995,14357.6076,0,4307.8504,3176.4162,4839.262
2008-03-21,3770.236,13201.7158,0,3931.55,2966.4528,4243.803599999999
2008-03-28,3570.8606,13363.775599999999,0,3868.8622000000005,2864.3116,4279.0424
2008-04-03,3399.00025,12689.97575,0,3643.0150000000003,2777.68475,3709.41375
2008-04-11,3518.1400000000003,13336.568,0,3792.6898,2886.5987999999998,3818.4596000000006
2008-04-18,3250.8066,11948.1588,0,3454.5542,2631.155,3562.8696000000004
2008-04-25,3336.7754,12014.5926,0,3519.0264,2765.1234,3494.0127999999995
2008-04-30,3563.7443333333335,13056.086666666668,0,3821.7386666666666,3001.679,3797.4283333333333
2008-05-09,3668.7983999999997,13388.084200000001,0,3938.3901999999994,3058.6792000000005,3977.3623999999995
2008-05-16,3621.2428,13299.439000000002,0,3923.3196,2991.704,4103.934
2008-05-23,3510.166,12577.9586,0,3758.906,2877.1552,3898.7908
2008-05-30,3406.7536,12039.516599999999,0,3600.7684,2780.4422,3764.879
2008-06-06,3389.334,11922.7094,0,3557.6985999999997,2755.8772,3710.1475999999993
2008-06-13,2980.7262499999997,10375.21375,0,3102.6527499999997,2409.52225,3195.5917499999996
2008-06-20,2838.1158000000005,9538.631599999999,0,2881.787,2285.9456,2837.6064
2008-06-27,2823.7464,9636.5128,0,2881.6642,2268.7637999999997,2857.529
2008-07-04,2682.5708000000004,9285.7558,0,2738.4453999999996,2097.1590000000006,2854.5222000000003
2008-07-11,2851.9948,10083.721800000001,0,2945.3911999999996,2235.582,3149.7068
2008-07-18,2765.3432000000003,9580.6904,0,2821.5958,2147.5752,3037.4741999999997
2008-07-25,2864.1554,9877.2316,0,2923.1356,2244.9348,3157.0227999999997
2008-08-01,2833.505,9701.810000000001,0,2879.3726,2220.0045999999998,3115.9282
2008-08-08,2697.03,9039.4204,0,2701.9652,2125.4244,2885.5576
2008-08-15,2452.2522,8224.9308,0,2447.353,1956.9628,2482.344
2008-08-22,2404.9121999999998,8134.503399999999,0,2408.7442,1943.1989999999998,2390.1351999999997
2008-08-29,2370.6234,7920.255800000001,0,2356.9754,1942.1842000000001,2280.1804
2008-09-05,2277.311,7482.9872000000005,0,2255.0248,1856.0158,2226.5058
2008-09-12,2119.7226,6980.5914,0,2111.7622,1750.9263999999998,2048.633
2008-09-19,1971.6527500000002,6817.6865,0,1974.7222499999998,1576.89975,1983.91125
2008-09-26,2249.2032,7310.140400000001,0,2187.4268,1772.5542,2117.5208
2008-10-10,2099.7912,6893.330599999999,0,2031.2563999999998,1621.3316,1980.6124
2008-10-17,1985.2296000000001,6365.423000000001,0,1897.7252,1536.1002,1785.4045999999998
2008-10-24,1908.7078000000001,6315.5556,0,1845.568,1476.8132,1765.1678
2008-10-31,1741.4754,5834.717599999999,0,1676.006,1332.5942,1595.1984000000002
2008-11-07,1730.5041999999999,5766.647000000001,0,1660.0647999999997,1340.7682,1542.8955999999998
2008-11-14,1898.3138,6273.601,0,1840.5170000000003,1486.1242000000002,1739.0666
2008-11-21,1980.7076000000002,6632.888800000001,0,1926.6740000000002,1517.7346,1917.8809999999999
2008-11-28,1894.5351999999998,6566.1628,0,1843.1656000000003,1435.7068,1841.5456000000001
2008-12-05,1953.9653999999998,7002.1854,0,1936.3214,1478.2604000000001,2010.6205999999997
2008-12-12,2038.7051999999999,7366.821400000001,0,2047.7985999999996,1566.2114000000001,2136.0060000000003
2008-12-19,1990.0711999999999,7297.982000000001,0,2013.6240000000003,1527.602,2137.9866
2008-12-26,1890.5434,6916.582,0,1911.288,1447.1508000000001,2049.0718
2008-12-31,1834.7316666666668,6565.624,0,1835.3046666666667,1394.3136666666667,1965.218
2009-01-09,1904.9830000000002,6698.5794,0,1912.6576,1452.971,2075.4246
2009-01-16,1913.4453999999998,6755.720600000001,0,1939.4407999999999,1460.7455999999997,2151.2544
2009-01-23,1992.2806,7008.0068,0,2027.3196,1538.314,2223.9442
2009-02-06,2091.8994,7403.394,0,2144.1276000000003,1614.4362,2395.7628
2009-02-13,2263.9156,8318.0036,0,2334.3946,1724.782,2680.6846
2009-02-20,2281.4585999999995,8390.6758,0,2353.2226,1725.5775999999998,2738.0751999999998
2009-02-27,2183.4216,8151.7012,0,2269.451,1646.7752,2677.071
2009-03-06,2155.4136000000003,8035.6372,0,2236.6928,1639.9178,2591.0166000000004
2009-03-13,2135.814,7948.642,0,2216.9622,1631.3422,2578.3318
2009-03-20,2228.4376,8429.700200000001,0,2331.8142,1704.8006,2723.692
2009-03-27,2338.3194,8914.971000000001,0,2454.245,1785.6178,2845.2334
2009-04-03,2396.8678000000004,9118.792,0,2537.4802,1854.1658,2932.0338
2009-04-10,2402.66725,9126.24575,0,2542.37425,1863.1952500000002,2940.02175
2009-04-17,2523.0014,9646.7962,0,2671.6354,1939.0906,3114.4602
2009-04-24,2493.4357999999997,9471.934000000001,0,2625.1684,1899.8544000000002,3110.0136
2009-04-30,2438.13675,9268.060250000002,0,2565.02975,1862.59375,3000.58075
2009-05-08,2588.572,10057.707,0,2752.5178,1982.648,3235.1324
2009-05-15,2629.3669999999997,10173.538199999999,0,2783.3192,2026.8827999999999,3219.6315999999997
2009-05-22,2637.8196,10257.806,0,2790.8417999999997,2007.729,3285.933
2009-05-27,2610.5049999999997,10110.792333333333,0,2744.064,1969.2536666666667,3274.366
2009-06-05,2749.0612,10603.761199999999,0,2911.1770000000006,2127.1284,3359.6195999999995
2009-06-12,2782.7104,10679.323199999999,0,2953.3088,2189.814,3362.5881999999997
2009-06-19,2822.0178,11000.111799999999,0,3015.0858,2250.7668000000003,3395.0724
2009-06-26,2912.9109999999996,11299.4106,0,3106.706,2333.7311999999997,3420.924
2009-07-03,3018.2893999999997,11850.077000000001,0,3238.7686000000003,2440.4440000000004,3511.6344
2009-07-10,3106.3716,12536.9782,0,3372.4258,2523.9377999999997,3647.404
2009-07-17,3157.5494,12988.9454,0,3466.0235999999995,2559.0915999999997,3819.7844000000005
2009-07-24,3295.5667999999996,13393.002199999999,0,3611.4808000000003,2682.4287999999997,3895.8714
2009-07-31,3374.7273999999998,13518.7804,0,3685.4784,2769.4038,3898.3803999999996
2009-08-07,3395.9106,13603.141,0,3706.5598,2748.5391999999997,4013.4991999999997
2009-08-14,3162.9474,12801.0144,0,3456.7192000000005,2542.4982000000005,3808.863
2009-08-21,2887.8902000000003,11638.4794,0,3134.9678,2321.2598,3374.5594000000006
2009-08-28,2936.782,11821.362,0,3142.9796,2277.924,3556.7532
2009-09-04,2754.6152,10972.410999999998,0,2938.8005999999996,2142.9574000000002,3340.97
2009-09-11,2934.505,11917.859400000001,0,3174.2262,2298.9483999999998,3591.3937999999994
2009-09-18,3016.6212,12313.8372,0,3274.8114,2357.1838,3780.2504
2009-09-25,2879.9362,11636.2074,0,3107.8306,2236.6258000000003,3642.7432
2009-09-30,2765.8303333333333,11120.946000000002,0,2983.244666666667,2179.331333333333,3402.450666666667
2009-10-09,2911.715,11801.234,0,3163.708,2308.682,3576.444
2009-10-16,2951.5254,11927.6486,0,3211.7799999999997,2340.0544,3674.1786
2009-10-23,3070.5150000000003,12664.0228,0,3367.3178,2445.8334,3855.6326
2009-10-30,3023.7336,12444.6712,0,3317.1422,2406.421,3834.2464
2009-11-06,3127.7006,12879.1232,0,3445.8910000000005,2493.8714,4072.678999999999
2009-11-13,3177.9957999999997,13147.878200000001,0,3502.7904000000003,2516.7448,4207.752
2009-11-20,3298.0258000000003,13681.559,0,3631.5661999999998,2599.8026,4428.747
2009-11-27,3223.9197999999997,13457.2028,0,3542.3002000000006,2506.3362,4398.9644
2009-12-04,3256.4175999999998,13722.8414,0,3580.8392,2511.4232,4530.0046
2009-12-11,3273.9422,13899.727799999999,0,3599.9172,2531.922,4544.4956
2009-12-18,3225.1081999999997,13547.588400000002,0,3525.7409999999995,2496.1462,4422.3063999999995
2009-12-25,3108.4066,13013.4394,0,3380.4489999999996,2395.4766,4264.9746
2009-12-31,3235.07125,13578.10125,0,3528.42775,2503.29525,4460.53275
2010-01-08,3233.7853999999998,13411.8024,0,3518.5159999999996,2500.5148,4518.377600000001
2010-01-15,3219.8152,13205.4916,0,3477.9802000000004,2447.4138,4647.070600000001
2010-01-22,3184.6546,13028.2864,0,3435.4741999999997,2394.2388,4703.048199999999
2010-01-29,3016.7694,12187.4406,0,3236.0204000000003,2285.2254000000003,4350.7372000000005
2010-02-05,2962.9236,12050.243199999999,0,3180.3,2236.3450000000003,4343.1894
2010-02-12,2974.0296,12126.5072,0,3201.1968000000006,2249.9374,4352.3542
2010-02-26,3024.1422,12299.154,0,3250.0512000000003,2261.1324,4539.9238
2010-03-05,3062.4786000000004,12480.8982,0,3296.2154,2290.9932,4665.2204
2010-03-12,3047.1987999999997,12374.733199999999,0,3276.3131999999996,2290.8306,4593.887199999999
2010-03-19,3026.8196,12135.1022,0,3244.4991999999997,2282.9644,4571.426799999999
2010-03-26,3052.68,12254.945,0,3271.8,2290.4564,4667.9138
2010-04-02,3133.3488,12618.750600000001,0,3374.0271999999995,2367.8190000000004,4778.915999999999
2010-04-09,3142.73975,12579.23275,0,3379.502,2353.0705,4880.16025
2010-04-16,3150.393,12479.7874,0,3379.5614,2348.9045999999994,4937.4356
2010-04-23,2995.2258,11671.44,0,3195.6040000000003,2207.1024,4819.8634
2010-04-30,2903.361,11330.146799999999,0,3101.0376,2140.5068,4664.067000000001
2010-05-07,2780.12825,10633.372749999999,0,2947.3720000000003,2051.75925,4442.36925
2010-05-14,2681.8362,10249.965400000001,0,2846.4288,2007.5198,4159.7318
2010-05-21,2576.3966,9976.3092,0,2748.6100000000006,1944.191,3949.785
2010-05-28,2646.7061999999996,10477.2064,0,2842.3273999999997,1976.1475999999998,4179.0887999999995
2010-06-04,2567.6204,10159.202200000002,0,2751.084,1907.0080000000003,4071.3578
2010-06-11,2548.4136,10167.8558,1090.8244000000002,2737.2146,1872.4818,4163.0653999999995
2010-06-18,2536.7335000000003,10064.4515,1032.558,2719.4495,1876.502,4058.7645
2010-06-25,2572.8683999999994,10253.43,1038.0036,2763.3326,1921.56,4085.007
2010-07-02,2423.4788,9467.9388,915.152,2586.4084,1835.0152000000003,3710.9993999999997
2010-07-09,2416.1122000000005,9460.4258,900.4381999999999,2575.8109999999997,1830.4092,3690.7648
2010-07-16,2452.0038,9818.012400000001,913.6940000000001,2637.8134,1859.9496,3791.0288
2010-07-23,2534.7958000000003,10352.0756,939.4225999999999,2749.1344000000004,1916.4302000000002,3957.2858
2010-07-30,2616.6666,10721.350999999999,968.0896,2843.465,1970.4404,4137.4898
2010-08-06,2643.4378,10883.367199999999,989.3256000000001,2881.6336,1981.8316,4266.703399999999
2010-08-13,2611.4957999999997,10821.203599999999,1005.9902,2854.6046,1941.514,4304.5152
2010-08-20,2666.0375999999997,11228.142800000001,1022.3979999999999,2931.0928000000004,1977.3942,4433.2586
2010-08-27,2620.0952,11060.260199999999,991.5124,2871.9402,1934.0094000000001,4412.0494
2010-09-03,2645.1027999999997,11378.604800000001,1019.5418,2908.7676,1929.7808,4592.1792000000005
2010-09-10,2681.893,11611.5788,1023.2967999999998,2959.6358,1947.8156,4683.1197999999995
2010-09-17,2646.0998000000004,11428.026600000001,1001.7270000000001,2911.936,1891.1883999999998,4707.9313999999995
2010-09-21,2590.1315000000004,11180.535,941.828,2853.652,1862.634,4549.9220000000005
2010-09-30,2626.41425,11344.17575,940.50425,2899.0805,1881.821,4644.71725
2010-10-08,2738.744,11911.369,959.863,3044.233,1990.014,4767.967
2010-10-15,2872.1012,12497.4266,952.8774,3215.0042000000003,2139.9143999999997,4760.5838
2010-10-22,2983.9213999999997,13017.195600000001,987.6226,3366.4106,2256.3188,4784.233399999999
2010-10-29,3012.2848,13545.718400000002,1041.7596,3425.7424,2241.1494,5018.9008
2010-11-05,3069.3758,13622.403600000001,1070.6456,3471.554,2246.082,5202.2392
2010-11-12,3108.6094000000003,13527.749,1115.8506,3474.6878000000006,2231.2672,5386.992
2010-11-19,2900.3652,12276.970800000001,1123.2158000000002,3183.0289999999995,2049.9417999999996,5038.6026
2010-11-26,2868.5096000000003,12383.3414,1189.8534000000002,3174.8994,2014.9635999999998,5181.5018
2010-12-03,2839.2048000000004,12407.0484,1182.9136,3155.2547999999997,1996.4726000000003,5143.0624
2010-12-10,2846.7148,12501.784800000001,1153.5291999999997,3164.6267999999995,2023.0498,5035.029400000001
2010-12-17,2910.6646000000005,12843.2562,1219.5214,3246.9010000000003,2053.3928,5219.7854
2010-12-24,2865.0616,12679.673,1189.9743999999998,3199.0362,2020.3277999999998,5124.385400000001
2010-12-31,2766.7142,12215.800199999998,1112.993,3079.7658,1961.0472000000002,4831.5728
2011-01-07,2838.55975,12633.934,1142.941,3172.9027499999997,2001.24575,5004.17275
2011-01-14,2807.2436000000002,12368.763200000001,1084.6154,3121.7184,1997.8893999999996,4803.8294
2011-01-21,2713.3363999999997,11755.891599999999,1029.4612000000002,2985.0036,1923.2622,4537.329
2011-01-28,2716.7732,11644.9034,1000.7342000000001,2986.9036000000006,1928.7218,4443.262
2011-02-01,2794.827,11993.098,1030.862,3076.8954999999996,1966.3964999999998,4620.719999999999
2011-02-11,2806.518666666667,12090.31,1053.5600000000002,3088.6893333333333,1965.1513333333332,4710.165333333333
2011-02-18,2909.8046,12747.139200000001,1099.4636,3228.6248,2043.8237999999997,4924.752200000001
2011-02-25,2881.5128,12610.1614,1103.4081999999999,3196.9559999999997,2008.4538,4998.4594
2011-03-04,2916.613,12864.6842,1084.5686,3246.0268000000005,2045.9796,5080.6114
2011-03-11,2977.8492,13059.230599999999,1089.179,3307.692,2097.6218,5153.701999999999
2011-03-18,2913.7742000000003,12780.406400000002,1093.3348,3225.5721999999996,2035.6742000000002,5150.359
2011-03-25,2940.2552000000005,12774.0098,1072.9560000000001,3248.1684,2065.2486,5141.7732000000005
2011-04-01,2958.6748,12695.3318,1020.1782000000001,3260.1294,2102.4492,5088.145600000001
2011-04-08,3013.096666666667,12889.252333333332,1005.9383333333334,3329.614666666667,2178.4983333333334,5098.796666666666
2011-04-15,3037.5348,12977.4046,1010.0779999999999,3348.9466,2186.4518,5140.0174
2011-04-22,3020.1184000000003,12812.317799999999,1004.1886000000001,3313.6634,2161.9939999999997,5160.133400000001
2011-04-29,2925.579,12355.5226,938.5744000000001,3208.9072,2116.832,4906.2238
2011-05-06,2883.62375,12161.86725,914.7330000000001,3146.91825,2064.7332499999998,4853.133
2011-05-13,2872.3256,12154.6772,922.3914000000001,3131.5521999999996,2041.4628,4900.888199999999
2011-05-20,2858.5288,12145.9126,890.5199999999999,3119.6209999999996,2041.122,4884.7852
2011-05-27,2745.968,11626.1876,841.6103999999999,2996.2469999999994,1982.0915999999997,4594.4374
2011-06-03,2725.3212000000003,11598.4192,842.6157999999999,2980.4578,1986.3932,4443.2822
2011-06-10,2725.769,11652.236,836.18325,2981.68375,1966.006,4509.0135
2011-06-17,2688.5902,11543.026600000001,821.7423999999999,2943.3522,1941.4642,4449.786
2011-06-24,2670.3034,11630.740600000001,805.1294,2935.5299999999997,1940.0700000000002,4370.102400000001
2011-07-01,2753.4706000000006,12055.1196,845.1218000000001,3034.4456,1984.9080000000001,4567.6578
2011-07-08,2806.3386,12420.897200000001,889.7137999999999,3113.811,2020.3048,4749.5596000000005
2011-07-15,2796.6726,12426.7342,918.3648000000001,3104.1983999999998,1998.9923999999999,4823.633
2011-07-22,2788.9120000000003,12383.9816,928.7212,3087.2832000000003,1980.1842000000001,4834.669599999999
2011-07-29,2705.154,12033.597600000001,905.5647999999999,2979.8376,1910.2372,4653.3398
2011-08-05,2674.3978,11898.600799999998,932.3348,2949.3399999999997,1888.5702,4617.7722
2011-08-12,2555.3486,11471.214600000001,897.9484,2831.6991999999996,1817.8736000000001,4397.3712
2011-08-19,2586.0054,11549.4256,927.9775999999999,2868.679,1844.9448,4489.929
2011-08-26,2567.6844,11352.4214,936.5935999999999,2842.7718,1834.5862000000002,4455.490599999999
2011-09-02,2558.934,11339.0946,927.4626000000001,2835.9428,1834.907,4422.4936
2011-09-09,2492.4098000000004,10914.044,886.3468,2750.682,1796.1129999999998,4248.6482
2011-09-16,2479.3824999999997,10830.9875,872.4022500000001,2729.10725,1783.7285000000002,4201.68325
2011-09-23,2454.9458,10705.526999999998,857.7908,2699.0584000000003,1761.3298,4165.673000000001
2011-09-30,2384.9723999999997,10345.4604,812.1548,2605.7848000000004,1694.158,3969.4652
2011-10-14,2396.6936,10316.45,811.1098,2614.0434,1714.855,3917.6410000000005
2011-10-21,2370.0080000000003,10067.920399999999,797.1148000000001,2574.13,1705.0818,3828.0955999999996
2011-10-28,2423.3018,10272.4102,805.1494,2644.0482,1765.5804,3866.3849999999998
2011-11-04,2495.7522,10565.594000000001,869.423,2728.6555999999996,1812.7386,4060.1444
2011-11-11,2499.8347999999996,10531.026000000002,883.7412,2722.0404000000003,1800.3175999999999,4084.968
2011-11-18,2481.0083999999997,10374.0684,899.5975999999998,2686.7006,1769.7718,4096.669800000001
2011-11-25,2400.1196,9974.4606,865.6028,2592.4121999999998,1708.2093999999997,3942.778
2011-12-02,2375.273,9863.4224,853.4612,2568.8668,1698.0031999999999,3885.9836000000005
2011-12-09,2327.3908,9568.011600000002,800.2968,2518.8832,1695.9402000000002,3690.0132
2011-12-16,2234.879,9122.641400000002,768.1616,2405.6034,1637.9065999999998,3457.35
2011-12-23,2203.2788,8971.1742,771.1066000000001,2360.2165999999997,1616.027,3365.5624
2011-12-30,2179.8612000000003,8805.521799999999,728.7657999999999,2321.1536,1600.2994,3242.715
2012-01-06,2160.4123333333337,8643.554666666665,681.0096666666667,2288.579666666667,1600.0236666666667,3118.049333333333
2012-01-13,2261.454,9139.6114,700.5550000000001,2416.2159999999994,1689.0854,3296.91
2012-01-20,2277.2292,9194.6388,640.1382,2440.175,1727.7822,3251.9316
2012-02-03,2297.7378,9318.2016,659.23,2469.2604,1747.0686,3312.868
2012-02-10,2334.4276,9484.9224,689.8268,2510.6734,1767.0629999999996,3434.5676
2012-02-17,2355.4738,9608.0918,718.3263999999999,2535.371,1765.6442,3553.0314
2012-02-24,2399.5592,9843.630000000001,747.346,2590.9816,1794.1943999999999,3667.8954
2012-03-02,2442.8417999999997,10150.9858,748.8588,2653.2915999999996,1830.4718,3743.2277999999997
2012-03-09,2421.9957999999997,10176.125799999998,759.7738,2637.3696,1801.6302000000003,3786.3208
2012-03-16,2412.0788000000002,10237.698999999999,769.3778,2629.9294,1785.4194000000002,3798.2263999999996
2012-03-23,2378.1058000000003,10085.439199999999,755.1348,2587.7876,1760.3162,3749.7088000000003
2012-03-30,2299.5214,9629.431,706.7822,2495.1012,1720.3298,3530.344
2012-04-06,2304.397,9747.606,699.826,2516.331,1736.3975,3542.788
2012-04-13,2322.118,9872.113000000001,703.49,2537.172,1748.0549999999998,3589.7725999999993
2012-04-20,2371.6711999999998,10011.2396,720.5336,2587.746,1783.3939999999998,3694.4254
2012-04-27,2397.0496,10132.398200000001,683.6129999999999,2618.9076,1814.5462,3688.3092000000006
2012-05-04,2443.5099999999998,10488.971333333333,702.0336666666667,2696.961333333333,1867.9026666666668,3736.6929999999998
2012-05-11,2422.9262,10384.2346,726.4961999999999,2675.7077999999997,1840.8982,3746.4028
2012-05-18,2365.0332,10024.844999999998,714.4658000000001,2599.0946,1790.4983999999997,3689.2672
2012-05-25,2353.9139999999998,10034.1142,709.5566000000001,2599.9976,1792.5259999999998,3677.4258
2012-06-01,2376.2682,10153.6782,724.5645999999999,2634.5681999999997,1811.3694,3736.6763999999994
2012-06-08,2300.9196,9799.487400000002,714.7239999999999,2548.3564,1757.9165999999998,3596.976
2012-06-15,2303.4734,9872.190200000001,739.9073999999999,2561.5108,1759.7399999999998,3643.0557999999996
2012-06-21,2292.65025,9832.9225,746.9762499999999,2551.15725,1760.0230000000001,3642.403
2012-06-29,2216.8778,9432.1774,718.656,2449.1938,1698.0674,3471.655
2012-07-06,2221.51,9569.1478,737.2628000000001,2460.3723999999997,1707.2903999999999,3485.5553999999997
2012-07-13,2176.404,9621.533599999999,723.0433999999999,2429.6256000000003,1673.9533999999999,3410.792
2012-07-20,2166.3438,9491.5562,701.1884,2410.2088,1665.1523999999997,3352.1584000000003
2012-07-27,2135.7822,9154.6336,705.9152,2359.6204000000002,1628.95,3323.3918
2012-08-03,2116.1772,9073.7006,691.566,2343.197,1635.8578,3209.7094
2012-08-10,2163.2884000000004,9245.5772,736.5536,2395.1459999999997,1663.2358,3372.5822
2012-08-17,2124.9272,9006.886199999999,727.6586,2334.7416000000003,1617.3672000000001,3310.4259999999995
2012-08-24,2107.6223999999997,8744.7948,742.1048000000001,2297.7906,1594.1427999999999,3305.0084
2012-08-31,2056.4408000000003,8300.8962,717.5582,2219.5334,1558.6986000000002,3166.7718
2012-09-07,2064.0314000000003,8369.0844,735.2818,2233.5306,1563.1673999999998,3219.9056
2012-09-14,2123.2454000000002,8745.3576,756.1822,2314.526,1608.9897999999998,3351.4304
2012-09-21,2051.4802,8341.863399999998,714.7674000000001,2227.0388,1560.6132000000002,3204.6603999999998
2012-09-28,2041.8298,8390.81,680.1519999999999,2231.0768,1569.9724,3144.8784
2012-10-12,2103.4782,8674.5798,709.1964,2304.2784,1616.7069999999999,3246.8697999999995
2012-10-19,2112.6238000000003,8700.6604,711.2836,2312.4738,1624.4378,3255.4952
2012-10-26,2106.1968,8637.496,705.2124000000001,2300.1188,1618.0874,3240.9886
2012-11-02,2082.3288000000002,8516.683799999999,694.5082,2267.0428,1595.8474,3193.0938
2012-11-09,2093.2663999999995,8512.3708,684.326,2273.5840000000003,1609.1498,3180.8597999999997
2012-11-16,2045.5194,8242.855599999999,664.9032,2211.6522,1574.6678,3065.1360000000004
2012-11-23,2019.8438,8085.286599999999,655.366,2180.9968,1555.572,3011.2352
2012-11-30,1985.1514,7903.8176,614.5536,2142.147,1547.7744000000002,2845.1657999999998
2012-12-07,2011.568,7973.094,616.2180000000001,2179.712,1583.04,2850.6546000000003
2012-12-14,2090.6602000000003,8286.9294,643.0786,2279.1626,1663.8216,2995.33
2012-12-21,2161.3416,8636.8212,654.8318,2372.5494,1743.5297999999998,3097.4970000000003
2012-12-28,2206.189,8886.0924,698.0373999999999,2442.3748,1790.1030000000003,3194.0274
2013-01-04,2273.0600000000004,9106.2745,709.6025,2523.6805000000004,1864.0900000000001,3267.0555000000004
2013-01-11,2272.6858,9112.3156,731.7049999999999,2520.248,1853.5525999999998,3315.5850000000005
2013-01-18,2309.7799999999997,9358.993599999998,773.8664,2579.7740000000003,1882.3762,3431.7308
2013-01-25,2311.6346000000003,9489.744999999999,773.3860000000001,2593.9362,1898.741,3420.4188000000004
2013-02-01,2378.4798,9719.076400000002,783.6962000000001,2689.3291999999997,1995.6618000000003,3484.0475999999994
2013-02-08,2429.3386,9904.678600000001,794.552,2765.4284,2060.7674,3543.1297999999997
2013-02-22,2368.353,9550.6716,836.7819999999999,2666.573,1951.0649999999998,3586.6366000000003
2013-03-01,2331.4957999999997,9435.043800000001,859.7974,2621.879,1909.2798000000003,3582.6616000000004
2013-03-08,2317.9586000000004,9318.358799999998,879.3076000000001,2609.026,1899.1774,3590.1186000000002
2013-03-15,2281.9687999999996,9140.112399999998,847.7954,2549.9237999999996,1849.9452,3487.5396
2013-03-22,2293.4688,9204.146400000001,865.1608,2574.2120000000004,1870.9440000000002,3507.5808000000006
2013-03-29,2279.7131999999997,9122.7842,874.967,2553.2124000000003,1843.2935999999997,3512.1708
2013-04-03,2229.1433333333334,8954.226333333334,852.4340000000001,2487.7083333333335,1785.6513333333332,3432.2306666666664
2013-04-12,2217.9652,8933.021799999999,852.0804,2477.4052,1781.6593999999998,3422.1004000000003
2013-04-19,2202.5658000000003,8895.8864,863.1196,2470.7122000000004,1778.039,3412.1204000000007
2013-04-26,2204.4488,8845.2726,905.2464,2478.1802,1784.568,3442.3616
2013-05-03,2189.81,8782.936,926.4304999999999,2471.2754999999997,1779.2694999999999,3416.0190000000002
2013-05-10,2238.5686,9043.2114,975.2012000000001,2533.4698,1817.1757999999998,3544.5756
2013-05-17,2243.6806000000006,9000.164999999999,1003.4054,2535.1576,1810.1983999999998,3612.8642
2013-05-24,2294.3406,9337.2566,1056.3452,2604.5142,1844.6824000000001,3757.3962
2013-05-31,2311.3512,9348.7726,1072.3156,2625.4512,1851.1762000000003,3842.1760000000004
2013-06-07,2259.1214,9056.729800000001,1031.9242,2548.1666,1801.9779999999998,3722.8656
2013-06-14,2155.1980000000003,8455.9415,1048.711,2408.3540000000003,1702.4744999999998,3550.014
2013-06-21,2123.2152,8316.0272,1053.8542000000002,2372.4418,1669.8058,3538.7828
2013-06-28,1960.6913999999997,7577.7618,1005.8674000000001,2173.2604,1525.2476,3241.4228000000003
2013-07-05,2001.8734,7770.3508,1077.7684,2217.5914,1538.1992,3357.969
2013-07-12,2008.866,7857.3912,1065.4508,2230.4828,1556.4036,3348.5604
2013-07-19,2037.2151999999999,7991.302000000001,1131.2426,2268.7574,1570.7784,3478.067
2013-07-26,2022.7982,7864.3484,1168.8817999999999,2235.7751999999996,1530.6306,3512.986
2013-08-02,2003.7308,7811.471399999999,1154.813,2210.2012000000004,1512.726,3464.6632
2013-08-09,2050.9778,8112.088399999999,1189.758,2283.077,1551.8616,3608.9148
2013-08-16,2091.5816000000004,8290.6304,1162.8074000000001,2337.3324000000002,1605.6344,3647.6996
2013-08-23,2071.148,8233.538400000001,1189.0967999999998,2308.6690000000003,1588.0793999999999,3620.1210000000005
2013-08-30,2099.3902,8270.539200000001,1225.6718,2327.3548,1594.836,3700.9684
2013-09-06,2122.3202,8304.594,1246.2256,2345.0124000000005,1611.0932,3749.0939999999996
2013-09-13,2236.718,8643.8814,1246.8574,2478.9498,1742.8383999999999,3846.3992
2013-09-18,2202.9373333333333,8544.507333333333,1279.2666666666667,2446.074,1712.488,3820.874
2013-09-27,2188.5852000000004,8581.9118,1321.5276,2424.9234,1664.0192,3864.6675999999998
2013-09-30,2174.665,8514.569,1367.912,2409.037,1643.055,3872.893
2013-10-11,2207.26075,8693.267749999999,1390.386,2448.3047500000002,1658.8475,3976.4180000000006
2013-10-18,2209.3162,8621.8752,1358.2752,2440.1627999999996,1643.3253999999997,4006.6442
2013-10-25,2184.0546,8547.6502,1325.5548000000001,2420.9548000000004,1633.8544000000002,3947.9405999999994
2013-11-01,2142.8743999999997,8437.019,1254.3084,2380.8311999999996,1634.7246000000002,3738.6580000000004
2013-11-08,2136.4016,8310.433799999999,1231.886,2353.2576,1616.8824,3711.5356
2013-11-15,2112.1034,8204.283599999999,1234.3667999999998,2319.8480000000004,1589.7426,3666.8836
2013-11-22,2199.8202,8476.2026,1296.5202,2414.7733999999996,1657.806,3850.9993999999997
2013-11-29,2202.0267999999996,8456.6662,1323.7242,2413.8,1647.909,3888.8164000000006
2013-12-06,2233.1948,8511.4912,1231.6788000000001,2451.4382,1685.4374,3882.2650000000003
2013-12-13,2215.7457999999997,8462.821600000001,1255.1204,2426.7222,1647.5862000000002,3929.4732000000004
2013-12-20,2134.5622,8167.494199999999,1262.6858,2338.4142,1583.1848000000002,3813.5624000000003
2013-12-27,2092.6632,8011.8982000000005,1270.7613999999999,2289.3544,1540.6653999999999,3772.7599999999998
2014-01-03,2101.5075,8065.95175,1324.56875,2310.56025,1554.9665,3826.5734999999995
2014-01-10,2035.6572,7764.3386,1362.8346,2229.1242,1508.2132,3701.4844
2014-01-17,2017.6808,7623.7834,1393.9398,2201.1596,1490.2344,3677.9849999999997
2014-01-24,2029.5773999999997,7716.364000000001,1431.5172,2214.9532,1491.7885999999999,3770.2858
2014-01-30,2038.7025000000003,7693.37875,1485.3785,2216.50125,1484.6257500000002,3887.40575
2014-02-07,2044.497,7616.569,1532.687,2212.483,1475.343,3957.671
2014-02-14,2102.7884,7858.6462,1524.2894000000001,2283.8942,1524.6822,4095.8006
2014-02-21,2129.9019999999996,7864.6106,1536.6376,2290.895,1521.1021999999998,4179.8852
2014-02-28,2051.163,7344.1521999999995,1465.6506000000002,2173.7804,1453.9864000000002,3993.0733999999998
2014-03-07,2063.4556000000002,7343.5318,1462.6616,2176.1222000000002,1458.0788,4040.2706
2014-03-14,2004.2728,7221.277400000001,1414.6057999999998,2116.7502,1420.8182000000002,3877.2574
2014-03-21,2022.3401999999999,7200.8902,1453.354,2129.5612,1430.2978,3953.1987999999997
2014-03-28,2057.112,7221.7788,1381.6392,2165.9426000000003,1470.262,3957.5691999999995
2014-04-04,2048.4574000000002,7294.0154600000005,1336.7496800000001,2168.1254,1479.6100000000001,3895.5152000000003
2014-04-11,2117.0907500000003,7542.48425,1366.6715,2255.0907500000003,1550.33175,4015.0515
2014-04-18,2106.9790000000003,7481.645399999999,1369.3862000000001,2235.9767999999995,1529.9628,4027.4642
2014-04-25,2059.9182,7384.5284,1327.5768,2187.4021999999995,1504.335,3905.4331999999995
2014-04-30,2016.7286666666666,7297.729333333334,1269.0049999999999,2150.6993333333335,1491.531,3729.8963333333336
2014-05-09,2018.3766,7237.7096,1289.49,2144.1042,1481.6824000000001,3767.2532
2014-05-16,2040.5974,7281.982400000001,1262.7078,2163.4628000000002,1497.847,3776.4888
2014-05-23,2018.8214,7186.3818,1259.265,2129.2202000000007,1470.0196,3740.2221999999992
2014-05-30,2041.2152,7324.4632,1319.6706000000001,2156.8472,1484.7882000000002,3831.7004
2014-06-06,2033.49325,7270.918250000001,1336.818,2140.8775,1475.1045,3815.5995000000003
2014-06-13,2052.082,7322.1512,1358.8812000000003,2157.1934,1488.8932,3847.4338
2014-06-20,2051.7218000000003,7284.3538,1358.334,2157.0807999999997,1495.7184000000002,3839.4919999999997
2014-06-27,2031.797,7251.175399999998,1372.9036,2142.3272,1475.5208,3844.077
2014-07-04,2056.1459999999997,7324.1186,1414.1248,2171.8862,1486.1834,3976.0294000000004
2014-07-11,2049.5726,7247.830400000001,1382.4833999999998,2159.2656,1479.9292,4009.7096000000006
2014-07-18,2063.7874,7259.874400000001,1329.137,2167.7628000000004,1480.6075999999998,4063.999
2014-07-25,2088.025,7420.796800000001,1297.411,2210.859,1516.2866,4062.9334000000003
2014-08-01,2185.8496,7873.361999999999,1331.9022,2331.386,1610.5054,4211.667
2014-08-08,2208.567,7953.69,1359.1452,2353.357,1617.027,4301.071
2014-08-15,2220.4652,7966.616800000001,1390.257,2355.5764,1609.2289999999998,4395.1546
2014-08-22,2239.2554,8036.4594,1440.4284000000002,2367.0155999999997,1600.7532,4499.0146
2014-08-29,2211.7726000000002,7835.019,1420.752,2328.823,1573.756,4425.063
2014-09-05,2284.6956,8098.286799999999,1476.1794,2405.2196,1622.2154,4601.2958
2014-09-12,2322.11525,8156.254749999999,1509.0165,2434.8672500000002,1632.029,4718.37475
2014-09-19,2317.7934,8013.4734,1493.6588,2412.2309999999998,1611.87,4723.3768
2014-09-26,2327.196,8022.2746,1504.3074000000001,2418.8824,1607.9741999999999,4781.8162
2014-09-30,2360.7905,8081.595499999999,1533.5245,2449.3935,1620.7565,4896.777
2014-10-10,2382.235,8199.734333333334,1557.6503333333333,2475.7090000000003,1629.7753333333333,4993.128333333333
2014-10-17,2359.3674,8152.8724,1534.1365999999998,2450.3018,1607.2615999999998,4940.6894
2014-10-24,2325.5272,8052.9238,1501.968,2418.677,1596.0693999999999,4833.738
2014-10-31,2362.5184,8044.9038,1516.636,2442.8237999999997,1606.0867999999998,4941.0548
2014-11-07,2424.7996000000003,8218.467200000001,1522.784,2507.4776,1642.1176,5005.942800000001
2014-11-14,2480.4504,8353.074400000001,1467.2302,2575.9006,1717.2138,4941.829
2014-11-21,2464.1624,8248.6292,1491.7042000000001,2553.2588,1690.0964,4983.1234
2014-11-28,2603.6284,8779.556400000001,1547.6426000000004,2724.2291999999998,1824.7404,5202.397199999999
2014-12-05,2812.0656000000004,9640.748,1585.1844,2988.1074,2068.0836,5322.130999999999
2014-12-12,2936.0898,10431.5528,1571.141,3191.5158,2224.6387999999997,5385.964
2014-12-19,3040.4152000000004,10650.3712,1636.4309999999998,3322.0644,2327.8166,5565.9486
2014-12-26,3072.5456,10553.6476,1519.962,3346.2096000000006,2379.3990000000003,5309.722
2014-12-31,3189.5026666666668,10839.094000000001,1477.0906666666667,3482.238,2528.952333333333,5321.812
2015-01-09,3330.9574000000002,11518.3626,1524.623,3606.4744,2608.2796000000003,5447.6436
2015-01-16,3280.0008000000003,11379.0514,1600.2378,3553.8612000000003,2578.3668,5417.2422
2015-01-23,3261.6243999999997,11209.4174,1698.9646,3487.9214,2493.013,5537.9096
2015-01-30,3302.9096,11398.554399999999,1721.3660000000004,3524.8854,2483.6338000000005,5721.3294000000005
2015-02-06,3143.9542,11029.1114,1742.1504,3374.5078000000003,2356.982,5637.8772
2015-02-13,3154.3328,11203.234,1768.7324,3419.9379999999996,2405.8730000000005,5635.615400000001
2015-02-17,3234.6345,11656.907500000001,1895.467,3510.9025,2438.235,5890.4055
2015-02-27,3279.168333333333,11682.721333333335,1895.059,3539.2889999999993,2453.3709999999996,5964.852666666666
2015-03-06,3273.7066,11604.820000000002,1984.9479999999999,3522.9702000000007,2402.5114,6162.176600000001
2015-03-13,3320.322,11592.834399999998,2032.5490000000002,3558.703,2442.8378000000002,6268.2652
2015-03-20,3545.8084000000003,12331.418599999999,2172.1394,3808.2322,2618.9246,6699.249399999999
2015-03-27,3682.6112000000003,12785.2034,2330.4478000000004,3961.443,2686.0962,7083.7062000000005
2015-04-03,3806.8948000000005,13333.8892,2403.2082,4111.7182,2787.4773999999998,7432.7984000000015
2015-04-10,3987.00825,13855.12825,2523.543,4290.60025,2939.977,7842.40525
2015-04-17,4164.712399999999,13991.144,2505.3365999999996,4469.890399999999,3113.094,7987.6894
2015-04-24,4343.4776,14480.3278,2613.361,4664.8859999999995,3235.0804,8221.1626
2015-04-30,4480.4715,14801.81525,2772.7212499999996,4768.41625,3281.1389999999997,8419.3565
2015-05-08,4265.313400000001,14365.154199999999,2850.9792,4593.2796,3153.0352,8179.518999999998
2015-05-15,4359.513,14980.7358,3175.2402,4694.9274000000005,3137.5452,8737.0206
2015-05-22,4466.869799999999,15411.084400000002,3410.3161999999998,4770.7184,3127.4162,9340.6306
2015-05-29,4779.6838,16446.288800000002,3538.1292000000003,5030.936599999999,3263.4462,10149.2558
2015-06-05,4923.888199999999,17418.3488,3886.3692,5158.7214,3268.815,10892.926000000001
2015-06-12,5127.87868,17703.3678,3801.3262000000004,5324.40582,3388.0901199999994,11232.98028
2015-06-19,4836.4087,16928.8724,3569.5166,4998.48384,3125.07666,10806.411900000001
2015-06-26,4496.82355,15612.382249999999,3226.107,4677.231825000001,2932.273025,9824.67
2015-07-03,3996.72682,13345.060800000001,2712.4732,4182.29604,2716.3506599999996,8198.63356
2015-07-10,3719.4726200000005,11608.1494,2436.3062,3918.75188,2770.1814400000003,6948.606920000001
2015-07-17,3896.22106,12567.53,2681.9106,4087.9139999999998,2787.99728,7706.688520000001
2015-07-24,4046.1321599999997,13441.506,2898.8698000000004,4182.17236,2765.62568,8326.8519
2015-07-31,3709.4439600000005,12480.6142,2612.0616,3838.46284,2487.80332,7798.887420000001
2015-08-07,3695.9534,12514.5444,2501.079,3876.6174,2494.56354,7825.3969
2015-08-14,3932.5069000000003,13316.839600000001,2677.2195999999994,4063.2326000000003,2585.4623600000004,8465.08418
2015-08-21,3741.59514,12741.0078,2518.3842,3828.0819800000004,2403.39804,8197.02444
2015-08-28,3083.62022,10424.4582,2014.9947999999997,3178.41532,2033.8865999999998,6605.01488
2015-09-02,3177.592133333333,10255.493333333334,1913.796,3364.8168,2228.1330000000003,6291.024399999999
2015-09-11,3178.41762,10364.093799999999,2013.2033999999999,3337.7125,2185.83606,6400.609460000001
2015-09-18,3091.24234,9710.026399999999,1909.3222,3246.17676,2207.81754,5968.989479999999
2015-09-25,3138.61612,10138.101999999999,2072.6668,3285.4509399999997,2200.35986,6238.89044
2015-09-30,3063.8913666666667,10017.905,2101.1656666666668,3208.1847666666667,2147.7538666666665,6149.0083
2015-10-09,3163.2544500000004,10467.464,2203.4835000000003,3318.29895,2205.3184499999998,6421.2719
2015-10-16,3314.5517,11101.837199999998,2363.4774,3463.94568,2285.99242,6844.4184
2015-10-23,3382.77586,11362.5276,2457.2048,3536.18284,2334.33354,7004.94356
2015-10-30,3401.79792,11610.649000000001,2508.0446,3554.88914,2326.18904,7132.206319999999
2015-11-06,3442.8540999999996,11738.2174,2534.3518,3613.86726,2371.27678,7169.564079999999
2015-11-13,3630.2712400000005,12533.747,2753.8728,3809.7609199999997,2497.35994,7610.607099999999
2015-11-20,3605.5563199999997,12545.5122,2749.2562,3757.4890000000005,2455.04838,7684.21296
2015-11-27,3589.2434200000002,12580.795999999998,2793.3884,3721.0503400000002,2429.942,7743.05356
2015-12-04,3509.68682,12216.371000000001,2668.2946,3661.3906799999995,2399.70896,7468.0772400000005
2015-12-11,3473.90256,12220.5788,2692.9035999999996,3635.54172,2365.86524,7404.31106
2015-12-18,3541.2343800000003,12612.5196,2776.8077999999996,3722.9902400000005,2401.28784,7576.846039999999
2015-12-25,3634.1454,13017.6482,2808.8450000000003,3855.3364200000005,2494.6535200000003,7792.72314
2015-12-31,3552.39325,12761.805,2744.7169999999996,3746.4215,2424.46535,7659.121300000001
2016-01-08,3251.4446,11293.6318,2376.3689999999997,3428.72024,2255.2841799999997,6794.285399999999
2016-01-15,2979.55616,10165.570199999998,2120.3158,3180.868,2112.02254,6041.57294
2016-01-22,2939.0628,10222.4276,2176.6536,3144.6080200000006,2077.9022800000007,6036.4
2016-01-29,2763.4238,9519.86,2010.1724000000002,2959.91856,1971.2495399999996,5577.035900000001
2016-02-05,2744.4372,9607.671400000001,2076.4233999999997,2951.91384,1960.11028,5596.3919000000005
2016-02-19,2834.6038,10030.938400000001,2187.2042,3030.4690600000004,1995.3999800000001,5895.7266199999995
2016-02-26,2853.5714,10020.613,2143.8974,3036.91136,2002.55406,5912.05096
2016-03-04,2800.947,9496.8898,1949.3572,3002.3608799999993,2027.35064,5595.151039999999
2016-03-11,2855.2632000000003,9542.6906,1959.6347999999998,3063.1699,2093.3849600000003,5632.968180000001
2016-03-18,2890.8558000000003,9725.3568,2052.5498,3105.3339399999995,2117.66246,5717.686659999999
2016-03-25,2993.7057999999997,10360.793800000001,2228.7396,3218.1975,2165.74372,6077.9589
2016-04-01,2978.3484,10330.4518,2208.9342,3192.27922,2142.34988,6075.498079999999
2016-04-08,3024.2587500000004,10560.63675,2263.79475,3229.25735,2152.876975,6251.9331
2016-04-15,3056.944,10666.634000000002,2295.0487999999996,3251.59318,2164.9169799999995,6337.50058
2016-04-22,2992.2396,10309.3406,2186.0876,3196.65738,2156.433,6118.72922
2016-04-29,2949.7907999999998,10156.4594,2144.6218,3164.88704,2145.4035,6003.49442
2016-05-06,2973.75125,10359.817500000001,2195.3842499999996,3191.8188499999997,2142.774125,6125.635475000001
2016-05-13,2832.9424,9784.1378,2040.5064000000002,3076.5217400000006,2076.85754,5729.344
2016-05-20,2826.8898,9812.827399999998,2052.4952000000003,3078.01754,2078.75236,5726.7423
2016-05-27,2824.77726,9832.847,2079.3778,3067.3428799999997,2074.4035599999997,5750.362999999999
2016-06-03,2903.2972,10151.3698,2156.134,3150.6483,2135.41364,5935.782939999999
2016-06-08,2932.4339999999997,10342.583,2194.190666666667,3173.2761000000005,2136.1182666666664,6040.364733333333
2016-06-17,2864.0784,10045.8456,2093.2252,3092.74498,2096.59386,5871.3737599999995
2016-06-24,2883.8326,10210.931399999998,2124.2596000000003,3109.48504,2101.2758400000002,5958.61038
2016-07-01,2920.3868,10450.0826,2211.4542,3143.29134,2114.1285199999998,6101.39282
2016-07-08,3003.4458,10617.3324,2241.844,3206.2234,2162.9786400000003,6283.6857
2016-07-15,3042.6602,10776.7136,2261.6348,3262.4842799999997,2188.2945,6410.16112
2016-07-22,3031.9773999999998,10759.2772,2261.4504,3245.1092399999998,2173.10204,6419.11368
2016-07-29,3006.331,10540.430199999999,2188.5954,3228.75662,2167.01572,6315.7453
2016-08-05,2972.4494,10285.209200000001,2111.8828000000003,3193.15364,2146.8652199999997,6183.53872
2016-08-12,3020.4018,10492.775599999999,2129.8672,3252.41992,2180.93464,6295.19568
2016-08-19,3111.4006,10869.529400000001,2201.7304000000004,3374.84428,2258.6304800000003,6477.94988
2016-08-26,3079.8057999999996,10723.005799999999,2180.8273999999997,3324.9100200000003,2230.5505000000003,6415.48294
2016-09-02,3072.1704,10704.263799999999,2186.5343999999996,3312.6506200000003,2224.26584,6405.1846
2016-09-09,3085.909,10801.9304,2208.8038,3332.14628,2232.73006,6473.62338
2016-09-14,3016.1119999999996,10476.801,2145.3293333333336,3253.8890666666666,2189.8975333333333,6296.608633333333
2016-09-23,3030.2268,10591.4168,2162.1416,3270.7902999999997,2191.56206,6357.237319999999
2016-09-30,2993.9291999999996,10483.3298,2139.8831999999998,3237.9202,2172.63124,6287.3171
2016-10-14,3059.4091999999996,10771.9516,2206.3617999999997,3301.78594,2205.0056400000003,6474.23584
2016-10-21,3077.0317999999997,10747.9324,2185.0328,3312.35924,2220.27512,6478.24128
2016-10-28,3118.6236,10806.3326,2186.6826,3355.1308,2259.65984,6521.28082
2016-11-04,3115.9828,10727.9254,2156.2039999999997,3349.58832,2260.85012,6472.32206
2016-11-11,3155.3833999999997,10771.044,2138.9754,3377.7194000000004,2284.23498,6509.283700000001
2016-11-18,3204.7446,10933.6472,2168.8908,3428.7400799999996,2312.52228,6627.6903999999995
2016-11-25,3242.2622,10972.662999999999,2162.023,3478.84836,2362.13908,6635.96516
2016-12-02,3265.422,11023.3092,2166.9642,3546.2225599999997,2422.38828,6604.52324
2016-12-09,3214.9694,10804.3472,2123.1446000000005,3473.63018,2382.2349799999997,6515.2562
2016-12-16,3137.8394,10291.762599999998,1981.297,3375.9249000000004,2346.51988,6273.13572
2016-12-23,3121.6205199999995,10269.769919999999,1981.04388,3323.9707800000006,2287.79134,6318.5522
2016-12-30,3107.84056,10197.54688,1964.2164800000003,3309.7040199999997,2284.17036,6274.01734
2017-01-06,3153.611675,10327.136475,1975.955375,3356.4986499999995,2315.42955,6371.583225
2017-01-13,3140.3428,10198.627340000001,1936.1861000000001,3338.8409399999996,2306.97368,6321.76364
2017-01-20,3109.9306,9803.8112,1853.8783600000002,3333.8690599999995,2338.38092,6069.514679999999
2017-01-26,3147.0122,9986.937725,1876.368775,3373.099125,2355.5626749999997,6185.176375
2017-02-03,3140.17,10004.8444,1876.7607,3364.4923,2339.9894,6207.0921
2017-02-10,3171.3863599999995,10126.70502,1902.3952000000002,3386.3914000000004,2350.2025,6295.011400000001
2017-02-17,3215.88942,10232.973979999999,1899.18622,3431.2334600000004,2372.8965399999997,6344.5465
2017-02-24,3251.86262,10411.097839999999,1920.0815599999999,3478.22952,2393.2982399999996,6448.77686
2017-03-03,3233.1333399999994,10385.574839999997,1926.91866,3444.0859600000003,2363.05012,6446.06574
2017-03-10,3229.28848,10488.959920000001,1961.8402800000003,3440.80144,2350.0085599999998,6484.97936
2017-03-17,3244.8988799999997,10554.89134,1960.62186,3461.14934,2356.6503000000002,6502.80592
2017-03-24,3255.1266800000003,10580.4492,1955.3929799999999,3463.5174999999995,2351.75766,6514.57652
2017-03-31,3238.7937199999997,10488.602799999999,1924.4251199999999,3461.168919999999,2355.97082,6454.53148
2017-04-07,3279.3087,10650.929399999999,1944.4810666666665,3511.8011666666666,2387.6414333333337,6559.4483666666665
2017-04-14,3270.8431,10604.064160000002,1905.1052800000002,3506.5953199999994,2372.7511999999997,6583.210580000001
2017-04-21,3186.96376,10376.830179999999,1850.25252,3463.37906,2340.6476199999997,6374.78838
2017-04-28,3142.3582,10185.15852,1828.5836,3440.77788,2345.97098,6175.9062
2017-05-05,3127.3661500000003,10144.9954,1836.8994,3406.6603499999997,2328.14825,6169.89525
2017-05-12,3071.38766,9807.951260000002,1781.9118799999997,3358.21404,2336.41058,5921.9608800000005
2017-05-19,3097.6809000000003,9973.53752,1806.15988,3407.95406,2368.6084600000004,5977.43386
2017-05-26,3083.91766,9845.77972,1771.98272,3445.13844,2429.12648,5828.13458
2017-06-02,3117.1778,9864.845,1763.7292,3492.8845,2479.078,5824.1042
2017-06-09,3158.4004,10177.4468,1796.1348,3576.1703,2519.2731,5969.2741
