date,chg_amt_l,chg_amt_r,chg_amt_l,chg_amt_r,chg_amt_l,chg_amt_r,chg_amt_l,chg_amt_r,chg_amt_l,chg_amt_r
2009-01-05,0.12226044852191666,0.07271023031601474,0.08776758409785936,0.34905061728395026,0.1552615109521673,0.16705314009661795,0.11133675876010786,0.05324996116203187,0.11844903988183152,0.0
2009-01-06,0.1545533714854444,0.09183932346723052,0.015209656925031692,0.34199951614854207,0.25310769230769303,0.0944013791463559,0.04586678052946205,0.0611794717887156,0.2327757352941178,0.0
2009-01-07,-0.1085103814582332,-0.10724532224532234,-0.0051412429378530685,-0.1605880958027035,-0.19937553464499636,0.006024390243902393,0.0003930393039303498,-0.026567637727141595,-0.06949790794979113,0.0
2009-01-08,-0.07725141870219568,-0.10940615058324442,-0.03931295304128593,-0.5147498204452948,-0.19982509838215937,-0.15824886930302623,-0.06709133173365325,-0.07381532589547861,0.02167883211678845,0.0
2009-01-09,0.0,0.07345779220779194,0.025413142485361206,0.06479382716049505,0.10214573088958391,0.0457734573119183,0.00320951552991373,0.02586973298348505,0.01684310018903614,0.0
2009-01-12,-0.03542971686294165,-0.01739455419113723,0.002410714285714199,-0.21446193580125403,-0.05252873563218351,-0.09884491404011442,-0.023031378114159468,-0.014435508345978692,-0.04419642857142887,0.0
2009-01-13,-0.02166288165531151,-0.09016068559185836,-0.002406110757479226,-0.10122571001494776,-0.20320142285460305,-0.04225194344126788,-0.014507663911403566,-0.037940861038762,-0.12396644935601812,0.0
2009-01-14,0.1292574759249867,0.1301307189542478,0.04500000000000004,0.37127192982455914,0.23691678035470648,0.20093170007423905,0.10673050393572989,0.09421184975640405,0.12616278105036058,0.0
2009-01-15,-0.04866567828020719,-0.07220744680851038,0.006982758620689575,-0.18061434702636367,-0.2066223404255308,-0.09776416539050545,-0.016612140766864306,-0.0272514792899408,-0.07752964584162342,0.0
2009-01-16,0.1826971057884226,0.09074393530997281,-0.028548683404776422,0.31686043629152166,0.18238548752834483,0.15225697379543482,0.0016925064599484436,0.07711509490810493,0.08591811718558451,0.0
2009-01-19,0.2517096075126424,0.18138388123011714,0.06592105263157888,0.4099123981019586,0.3088661627389955,0.06636850063975837,0.03688880455407957,0.03203095886484155,0.057319513938527605,0.0
2009-01-20,0.07065366972477057,-0.06965110312981053,0.03526049419470075,-0.06435732953195539,0.0,0.01963043478260836,-0.0043518381810128395,0.012291929824561367,0.004628330995792328,0.0
2009-01-21,-0.08909748925582481,-0.01975571725571696,0.015690703735881897,-0.0484521822084409,0.0,-0.07268587043151549,-0.041528775646248337,0.010090491438117787,-0.03049945542243653,0.0
2009-01-22,0.09069767441860499,0.053818466353677354,-0.0245080091533181,0.0,0.023587096774192694,-0.006015307897483427,0.0022045437160560176,0.011067625501313773,0.13026725357648167,0.0
2009-01-23,0.019418683555755996,-0.03365702479338846,-0.009189031505250843,-0.20853743123654578,-0.07057915057914979,-0.038231707317072976,-0.021008018327606043,-0.027571389346512914,-0.07782831325301183,0.0
2009-02-02,-0.06941189725101392,0.016933471933471948,0.0,-0.032798159583484705,0.0,0.052872471416006823,0.020435389988358612,-0.0010557963921129687,0.010564491184658069,0.0
2009-02-03,0.0773018048891937,0.05345595854922316,0.025177784307963587,0.3594261797889096,0.17386943363597068,0.1717817255945836,0.03573819348922506,0.0458536244052618,0.07368932038834974,0.0
2009-02-04,0.12045454545454531,0.10586967675731153,0.06751944684528952,0.2875968163459269,0.26756894357233757,0.06330873786407798,0.04005132782860965,0.06398478880890927,0.054040601503759195,0.0
2009-02-05,0.0,-0.03552591847005569,-0.010680885972108332,-0.09294591753299966,-0.09418796372629976,0.09042925017748876,0.060422260718926056,-0.000983713355048839,0.07632255206025716,0.0
2009-02-06,0.25416483516483523,0.2420668693009114,0.05629343629343627,0.7914188395583774,0.2893127863390257,0.11079782121115019,0.060921824328986365,0.052170795306388476,0.10520086393088533,0.0
2009-02-09,0.03592801841389391,0.0,0.0,0.19566763913824012,0.022139685102947955,0.026951054764626947,0.010364607371266654,0.0049477000630121035,0.07867959949937428,0.0
2009-02-10,0.16368169540826982,0.01580019398642155,-0.024947201689545846,0.82255574043261,0.022086186065242867,-0.010708092485549051,0.001542487080525843,-0.018019093078759072,0.030377971956919287,0.0
2009-02-11,-0.06199436506339298,0.034134429400386586,0.0084837058981955,-0.3707299270072974,0.02570510245078388,-0.032210722417719384,-0.014550800392028742,0.007102720569539778,-0.07447901300791214,0.0
2009-02-12,-0.10906682966585245,-0.06523306102835151,-0.027303370786516838,-0.20324789097988438,-0.13915064102564034,-0.04142372704507472,-0.004241162867525559,-0.05770213842844482,-0.12746079779917446,0.0
2009-02-13,0.21138067471886768,0.16638618677042843,0.02377358490566036,0.398461959496442,0.18592351505288787,0.2694496283409772,0.0504514119050775,0.04728062097092496,0.10521773498131655,0.0
2009-02-16,0.18068159104537299,0.30494100991033446,0.041932367149758495,0.6047721925133683,0.3024800637958539,0.10915851851851824,0.031355715835833416,0.11422758004847557,0.11480949406620834,0.0
2009-02-17,-0.07698764955615653,-0.15285522788203795,-0.03861818181818178,-0.4720260223048319,-0.2010729448089554,-0.15113055181695834,-0.06492020945019338,-0.04638164136622396,-0.039094614459441256,0.0
2009-02-18,-0.3038114834411126,-0.28211034482758623,-0.07326366559485532,-0.8308540471637984,-0.3895501183898962,-0.19834382494004746,-0.07208565619466129,-0.08406337942004162,-0.2123583180987205,0.0
2009-02-19,0.011582568807339575,0.0,-0.013621621621621715,0.1494046023235043,-0.04521022258862329,-0.014683770569370756,0.015365769017212708,-0.02386887794765481,-0.03703565959308672,0.0
2009-02-20,0.02416267942583699,0.05003394762366668,0.004710957722174413,0.05998892702912196,0.022717481358739865,0.018317239195820748,0.015636962337929567,0.005168509741969417,0.016010190518387327,0.0
2009-02-23,0.03450310559006249,0.04957712638154767,0.017690544412607423,0.07472139468167112,0.049099173553718636,0.06538922155688648,0.044048539082096175,0.03783914982944106,0.05584428938670589,0.0
2009-02-24,-0.336458975940778,-0.2275428571428573,-0.07725911274371294,-0.6955750851367691,-0.356884504726674,-0.25527751937984555,-0.07208565619466129,-0.0981799564827851,-0.17279143536875505,0.0
2009-02-25,-0.031152236175368556,0.05127733598409577,0.032998193859120915,0.0,0.023455945252351593,0.05331161660777405,0.04100569128262081,0.12257768651608487,-0.027053735456215502,0.0
2009-02-26,0.07500554200842405,-0.10159527326440186,-0.025133470225872548,-0.2637736281360966,-0.09748293515358328,-0.16369565217391308,-0.042141463086344956,-0.06576854899974666,-0.07823638470451937,0.0
2009-02-27,0.061773700305810454,0.08446061214249852,0.0,0.0,0.14977145321259264,0.02946991648201865,-0.010566719977748386,0.0,-0.05726039352586448,0.0
2009-03-02,-0.06756581786793298,-0.01609683794466464,-0.002262795570188652,-0.10836145699988309,-0.07367840475180364,-0.029253849190683558,-0.027458114265685358,0.03698040773100336,-0.0014416309360084682,0.0
2009-03-03,-0.141382327209099,-0.016144697720514783,-0.023802098950524802,-0.2538111970016399,-0.12509837467921311,-0.10790523265723517,-0.04736860948016603,-0.058924925700994876,-0.059856738162687315,0.0
2009-03-04,0.29204545454545416,0.5073757455268394,0.06970048899755504,0.7367871581450646,0.4518473547267992,0.31663708029197124,0.13128222271748013,0.12263547129218773,0.16559970262679682,0.0
2009-03-05,0.09023611997447407,0.2492863636363635,0.020069504778453578,0.03086599817684597,0.16618181818181835,-0.007555182860852659,0.05165698852126938,0.049575923392612735,-0.02579375635709271,0.0
2009-03-06,-0.024273772204807295,-0.11799217731421183,-0.031248574686431083,-0.321577570518653,-0.2336931818181825,-0.11419155509783777,-0.018976874106794914,0.008727272727272735,-0.026254143646408865,0.0
2009-03-09,-0.21845863082738298,-0.27258551754775656,-0.015837474422683316,-0.37491362318840726,-0.23982507288629634,-0.11555214552759299,-0.04049766000922809,-0.07465940380701533,-0.09460105112279035,0.0
2009-03-10,0.09865013169446829,0.0,0.0022380106571935248,0.3191688404078743,0.04691189050470492,0.13894609814963757,0.06326350156441309,-0.010079345088161365,0.12189751603882233,0.0
2009-03-11,-0.060882669537135795,-0.0965107577174925,-0.006702127659574391,-0.1556464564180159,-0.04667234042553195,-0.06336850288760502,-0.011389826109525074,-0.031398503867123055,-0.05091964920597311,0.0
2009-03-12,-0.02421006755284402,0.0,-0.009358288770053442,-0.11135541461122692,-0.050821214713429895,0.044803633901365096,0.06662324911637642,-0.02698174284604426,-0.02196463022508009,0.0
2009-03-13,-0.018797897963652676,0.0646428571428569,0.03733612690811126,-0.016013241901160456,0.0,0.046309915741309514,0.01207598878853937,-0.010551087673038882,0.0016836734693876764,0.0
2009-03-16,0.0,0.03321882352941151,0.03882558139534879,0.08014201183432137,0.023587096774192694,0.08385404600364062,0.014795408257730038,0.030873605947955376,0.011057871307162941,0.0
2009-03-17,0.17425274725274728,0.0939710009354535,0.059340101522842734,0.3808751472320356,0.1999742599742606,0.10066612641815209,0.00959355547418536,0.04774004683840756,0.12573582775582623,0.0
2009-03-18,0.0,-0.0474344827586199,-0.021039590627524998,0.015601889183275564,-0.04988245172124227,-0.045414976023607743,-0.01452380952380951,-0.011997729852440523,0.007582392077982241,0.0
2009-03-19,0.0890482260463142,0.032741187384044274,0.010698438783894872,0.2006893773736904,0.05015618404390001,0.031263258888119407,0.03402805856766522,0.020348334604627656,0.1262805772050313,0.0
2009-03-20,0.11807933194154499,-0.015020746887967373,-0.012661596958174877,0.8145348043676073,0.02302267002518809,-0.09685900148085459,-0.040832387890368305,-0.02310837932764691,0.02154404145077737,0.0
2009-03-23,0.01751325989392029,0.0,0.01728395061728389,0.13044275637547426,0.09951423785594733,0.16306900102986566,0.06087765793528487,0.04385732484076429,0.04867063492063471,0.0
2009-03-24,0.04003862573693901,0.0476976421636619,-0.0044330175913396145,0.16043937109627573,0.022717481358739865,0.03947820653022994,0.020677307261911828,-0.005047041346867896,-0.021044031523389267,0.0
2009-03-25,-0.028519564340460345,-0.12691567369385923,-0.010608365019011452,-0.28716343076594963,-0.14352066115702408,-0.048144175733512456,-0.007747434336406355,-0.021756303564774662,-0.10078060147090973,0.0
2009-03-26,0.13213995943204915,0.19365556076959192,0.07937551355792932,0.1451405317417266,0.5333585222502091,0.10641943734015404,0.02934033245844272,0.10466288594833015,0.06895002638124667,0.0
2009-03-27,0.021960861830401506,-0.03198459447213387,0.022076784333934573,0.08743705616526798,-0.09063863546211788,-0.0438149466192173,-0.013078327343259793,-0.00943193871537991,0.0,0.0
2009-03-30,-0.06659122220035442,-0.047023701002735056,-0.015634337807039735,-0.34613894241062004,-0.0476041666666663,-0.07281021897810226,-0.04582056010141748,0.006625948766603242,-0.024285082872927934,0.0
2009-03-31,-0.039280015955325674,0.0,0.030046153846153837,-0.11840454595126225,0.022086186065242867,0.16817372637310848,0.055929420194661725,-0.006597000826543694,0.026029411764705954,0.0
2009-04-01,0.039587939698493065,0.04743448275862101,0.011675432006010636,0.20866732695058895,0.0697709923664127,0.02084807073954968,-0.011102966441415623,0.02471299810246678,0.17209468414077436,0.0
2009-04-02,0.04532309533306733,0.047023701002735056,0.025325062034739304,0.029446678986846424,0.04737639553428989,0.11207417033186752,0.041916368256901815,0.029777129521587016,0.03265780499686815,0.0
2009-04-03,0.0,0.09323994577496564,0.05118462661152999,0.012860553445468742,0.1849028163427217,-0.04189790957705417,0.005571972240877585,0.033002631880077626,-0.030871480691126822,0.0
2009-04-07,0.060891480529748895,0.0,-0.0017671809256660045,0.11749295163738896,0.08884136858475865,0.03901002259998067,0.013651917075345606,-0.021474804031354797,0.15845784641068472,0.0
2009-04-08,-0.20910156249999973,-0.21227898711683718,-0.06223314606741582,-0.638111135041998,-0.31323065075086626,-0.18481389578163807,-0.05772930340301139,-0.08542315119845527,-0.16082678465297504,0.0
2009-04-09,0.0452730236348814,0.015062413314841072,0.007756710169909,0.10609668755595522,0.0692424242424247,0.1673271771848374,0.07792580198476796,0.018363636363636523,-0.002695664316134868,0.0
2009-04-10,0.07444466882067892,0.07760719225449549,0.05550660792951533,0.284300489323843,0.16276216857934284,0.13714831317632115,0.03987856014812403,0.02460980252200785,0.13615094339622616,0.0
2009-04-13,0.2693333333333331,0.07898181818181825,-0.0035443037974684888,0.6777184731488565,0.1101632970451016,0.15355597633136073,0.020077158862699444,0.02156385344726675,0.2968809301082455,0.0
2009-04-14,0.05915359909314215,0.014596774193547858,0.012736248236953504,-0.0712167420338643,0.045647330003841385,0.008002552648372775,-0.011250780762023677,-0.0027882285054818263,0.0202065362653387,0.0
2009-04-15,0.09996265172735748,-0.02911528150134051,0.0035187340004655746,0.0,-0.04542048929663574,-0.07714266217814589,-0.005570956056071791,-0.020252052260376865,0.01881561481838969,0.0
2009-04-16,-0.05640908258560698,0.029272237196765517,-0.00350893478765388,-0.11264019431829975,-0.02106799846331236,-0.04312613072319841,-0.009255509859749048,0.013979842962615839,-0.09241741111577406,0.0
2009-04-17,-0.04769444444444458,-0.06065683646112578,-0.01818012566907127,-0.2015904741654265,0.0,-0.030873663477772026,-0.018642735768904038,-0.029631908964236033,-0.09887747524752483,0.0
2009-04-20,0.21147878108057597,0.06134206958879328,0.02409917355371886,0.37707230471271597,0.10910281093569553,0.05223451013753033,0.013548804137039443,0.037915432902996524,0.0661605428242224,0.0
2009-04-21,0.045307733716131185,-0.04609919571045607,-0.03094531974050043,-0.14077149773707825,-0.08694824961948219,-0.10795857436088793,-0.03177916400085319,-0.03053148469092991,-0.07438948027551669,0.0
2009-04-22,-0.2209318868931179,0.0,-0.048185273159144774,-0.17249840798132046,-0.02106799846331236,-0.10598676639815918,-0.03707884815037409,-0.04522877358490558,-0.1264682080924856,0.0
2009-04-23,0.031932304258880224,-0.07585849481748459,-0.005912571005186504,-0.17427407248552448,-0.08798613785136668,0.008450891537779384,0.010165888770173624,0.0047726720155603815,0.054988931374522015,0.0
2009-04-24,-0.03639807798928082,-0.04715265082266941,-0.015632754342431845,-0.014673889490792538,-0.11371695178849155,0.0017650528385353339,-0.019517326042073506,-0.030924624333495,0.10778304682869001,0.0
2009-04-27,0.031021965748324987,0.015020746887966261,-0.025326633165829168,0.20561266536543069,-0.06837007874015794,-0.13741721528937811,-0.01892205732411911,-0.005977978473339109,-0.021141477056056967,0.0
2009-04-28,-0.11959296947271054,0.01747586206896581,-0.0061384615384615804,-0.37545639597171443,0.04713209044030112,0.014008548313235154,-0.04434680154031857,-0.0018755434107563882,0.023764562796056845,0.0
2009-04-29,0.14450445328785275,0.09207607699358367,0.11298119041484164,0.2058978853949798,0.2272375690607741,0.1470809248554914,0.055641879833432654,0.07248600920283532,0.09166317393789306,0.0
2009-04-30,0.0260501105379518,-0.04649391617845799,-0.005660912745329903,-0.042150898462870186,-0.04575279168271047,0.0035121521834802945,0.01502567906870581,-0.03977928088287639,-0.0012807244501943146,0.0
2009-05-04,0.18048936950146569,0.09379090909090862,0.033520190023753,0.5401432447097132,0.2476006191950459,0.13490399179166468,0.04094442877291949,0.03791102985984147,0.23538888204116884,0.0
2009-05-05,-0.019660237126172583,-0.014557640750669716,-0.005539102267468802,0.014243348406770964,0.020663149962321815,-0.05713738834538444,-0.0010033371628644424,0.025672333848531816,-0.021199748743718595,0.0
2009-05-06,-0.02063421566885742,0.029193548387096795,0.020204508482454094,0.0,0.0652857142857132,-0.021426927502877228,-0.006383246646591999,0.0,0.051586817737389934,0.0
2009-05-07,-0.024322154834106435,0.03145721925133666,0.031989935956084105,0.18500788063465554,0.08529301978350252,0.016541650597762927,0.012252420774648012,0.013062894552256227,-0.0021827124201483964,0.0
2009-05-08,0.23263129593117096,0.07458130261408874,0.0,0.46279908533416464,0.17238905325443693,0.03160585693711046,0.001570914640793524,0.09170607324988396,-0.009913441955193064,0.0
2009-05-11,0.0,-0.04271853146853098,0.014053089449029868,0.1627225819506253,-0.10616333938294022,-0.05606334841628992,-0.009556837979093848,-0.028873470279720106,-0.08176477266276883,0.0
2009-05-12,0.03374742974640138,0.028704845814977998,0.005281270681667559,0.0,0.02349614395886929,-0.0032768115942027947,0.013794011187890512,0.05264899186810719,0.06813039925285964,0.0
2009-05-13,0.15816170212765973,0.014276950043820695,-0.012179261862917286,1.0264204830143306,0.06361172161172204,0.11690470434656514,0.007607185498751969,0.017229278794402853,0.08117717546362387,0.0
2009-05-14,-0.11168509655058616,-0.059331293706293496,-0.03633540372670805,-0.22874055177626432,-0.1263441251364141,-0.09239842172013754,-0.03597852479361141,-0.04435504469987254,-0.04107587202843851,0.0
2009-05-15,-0.004261603375527335,0.01679628811312445,0.021297396071265372,0.07783162532324496,0.0,-0.019953837276399156,-0.011701620062139467,-0.005132675438596294,0.01421852999155182,0.0
2009-05-18,-0.06227195945945904,0.0,0.0016981132075472342,-0.25825150157307675,0.04045739579490968,-0.0235250338294993,0.007920282147455673,-0.012460116624491323,0.09389461883408075,0.0
2009-05-19,0.04836668376945369,0.0,0.015827725437415893,0.2360267208829511,0.043635695923614826,0.0050432668935342356,0.027627288409103657,0.008040825382737973,0.002259291458378508,-0.071741935483871
2009-05-20,-0.09068270370997787,-0.06219383259911847,-0.0016747895436420664,-0.10345841688150491,-0.10690058479532173,-0.07710332103321028,-0.016562397820163693,-0.03432575590377391,-0.003225105874687737,-0.05391807786944561
2009-05-21,-0.06359323788166249,-0.07501336898395755,-0.02068322981366455,0.1301181669708907,-0.08450443786982367,-0.049583622140806256,-0.03774257644331594,-0.024382339656730017,-0.1483547124687467,0.01339557295588015
2009-05-25,0.029114255765198698,0.0,-0.01784376427592516,0.31572251513376115,0.0,0.0,-0.0069930149355444116,-0.004454782707364087,-0.005552050473186125,-0.03333184390825151
2009-05-26,-0.07807017543859607,-0.04649391617845799,-0.025398517145505024,-0.012981884405251136,-0.0645096582466572,-0.06409718746872146,-0.025055666571510198,-0.028182542392170506,-0.09699520074915134,-0.012302762093697508
2009-05-27,0.11938955539872922,0.10860000000000006,0.05988649799006845,0.7372872901678639,0.23593714927048243,0.04748792024820675,0.03850698486612333,0.05270903397889369,0.01527408034849967,-0.015622786759045498
2009-06-01,0.05396415029300265,0.15244652406417042,0.0466455981941311,0.8279032999356559,0.3366666666666665,0.20496506659964858,0.13096296296296303,0.08426490363065908,0.19701077469451642,0.044154469012768746
2009-06-02,-0.0921469986357437,-0.05884265279583855,-0.012067914671310536,0.07121549382175102,0.0,-0.0429196347468569,0.000269367192721007,0.0008013160687750474,-0.0130770533446231,-0.00818140658013897
2009-06-03,-0.01403508771929826,0.16418492550394378,0.08196923076923085,0.19058992931320295,0.3857896588111154,0.15021312584573748,0.0,0.10779993635302856,0.046308896070760094,-0.004009412479125576
2009-06-04,0.04398188468907918,-0.027715865589111044,0.024700784151877774,-0.28197186744908476,-0.09871076611542365,-0.045157188766242584,0.04571568073187018,0.030798019801980128,-0.007627288968289313,0.07428288672350791
2009-06-05,-0.07325159730616519,-0.044108593415990036,-0.019380692167577318,-0.011885914874943842,-0.02182872739679327,-0.05206472583380461,0.0,-0.020951872695517015,0.0,-0.029330828154357544
2009-06-08,-0.04955318030488877,0.2785215517241385,0.027712230215827388,-0.08474664090629722,0.35009575923392644,0.11045773471433311,0.0,0.04799075076257017,0.010971678047688175,-0.01805994389487673
2009-06-09,-0.015192001415678159,0.0846002460024596,0.003294448913917915,0.12103530450132319,0.11741106719367632,0.2294189772885606,0.0,-0.00993610528323491,-0.054325228641534586,0.011228122662677692
2009-06-10,0.050195243166489226,0.028498183286234102,0.012637913741223625,0.1305617386732115,0.01783414634146277,0.028914313320743592,0.0,0.008407410962849164,0.11067484662576729,0.028051639709155685
2009-06-11,-0.014200351493848871,0.054518072289156415,0.03953922542204554,-0.1531194016871046,0.15722817267121048,-0.06924304526031214,0.0,0.03214606205250608,-0.07888554216867517,-0.021633454545454588
2009-06-12,-0.07476207261191445,-0.0949980119284295,-0.023050259965337896,-0.3120052654673089,-0.19248245054243734,-0.06320686900958515,0.0,-0.04107403252944481,-0.09323544303797468,-0.03203900709219852
2009-06-15,0.05059033989266553,0.2615014164305944,0.05140839544919581,0.036327223960660286,0.48857887874837075,0.05504937102664701,0.02992649980135087,0.11433458249255313,-0.010177731312074846,-0.0031533575317603674
2009-06-16,-0.009838823946156679,-0.012579150579150123,0.003087071240105518,-0.16916406459095384,-0.1300866336633671,-0.10079252835223444,-0.06474946591571183,0.0,-0.020425457512530963,-0.006110353190844491
2009-06-17,0.05556344276841196,0.0,0.010423011844331757,0.12205100477606572,0.13196484620213508,0.058802299584796616,0.004750740627234753,0.025087985707905304,0.07198415492957752,0.015449147381242471
2009-06-18,0.15512550465157085,0.0,0.044404251351855106,0.1953985863827496,0.2403774752475247,0.12540512589928088,0.015800804112168446,0.05121342588524723,0.16421532114822665,-0.002093058274356226
2009-06-19,-0.024080381471389287,0.23745743034055722,0.024283141210374695,0.09583583937732186,0.2149291528489595,0.10175465364662817,0.01884039022427848,0.0,0.005160169399500494,0.02159101191373845
2009-06-22,0.07777207392197112,0.26576195773081224,0.0015585792542853344,0.14443359718557802,0.28268041237113395,-0.023745961571161465,0.04461481261154082,-0.0006416248831476586,-0.026721951219512256,0.021054351054351116
2009-06-23,-0.10127232895180298,0.32629904559915146,0.012453229791740216,-0.42815906514345636,0.12012571428571382,0.016551060554225335,-0.024367419339373995,0.019000170039108956,-0.09096477794793242,0.003050029256875299
2009-06-24,0.10334479793637123,-0.05793931310436815,-0.018056623558196597,0.2196340699651063,-0.10052453468697045,-0.010535326434138442,-0.0025597186263494154,-0.04969941225860614,0.14193127962085325,0.028607502554371625
2009-06-25,0.01872261543646802,0.047583417593528445,-0.012510638297872353,-0.02392510157216042,0.13552323923581422,0.09523933558221975,0.0366115217072095,-0.0006554957457893019,-0.04477949491142122,-0.01928346681922205
2009-06-26,-0.047481531229012795,0.0,0.02121060171919778,-0.059897399610824846,0.1849058724360766,0.0,-0.0033058756308921265,0.009705550247546232,0.02386911595866795,0.0
2009-06-29,0.06248305084745721,-0.047170063481456366,0.0057696371961958,0.5439960944434583,0.015103277334068323,0.04376386687797116,0.03489331232994414,0.059294899456287256,0.2342108688577938,0.0
2009-06-30,0.03381885149840954,-0.11895854398382193,-0.0057433380084151026,0.04659098727210186,-0.2286884795160852,-0.02880450476465504,0.035084391128469616,-0.022571001494768275,0.008958375226221936,-0.035480783176214496
2009-07-01,0.05626974887743237,0.17027222605099887,0.07278619232123994,0.11760977701543669,0.10052453468697163,0.14191972076788856,0.07438934927319667,0.04175349856685205,0.0565657578187649,0.007033784789403146
2009-07-02,0.19685032894736845,0.034470431005680154,0.04237762237762237,0.55659483859978,0.03314365411436517,0.08661383516571709,0.06792218365685398,-0.0032206726825266367,0.1286922093252017,-0.0010291722197541611
2009-07-03,0.12231280671204652,-0.03425298804780899,0.007509664948453593,0.034901459553061426,-0.03302390216787079,0.0438754270902875,0.012861449464292971,0.08515784281486352,0.15400933389902388,0.006179608772969637
2009-07-06,0.17171561051004686,0.10522552622786556,0.02037790232185748,0.0780184331797248,0.11727754532775408,-0.013484442372683798,0.011309504598999445,0.018684046692607082,0.0035938690449515104,0.03301711419297738
2009-07-07,-0.02566517189835628,-0.12636184857423824,-0.026208635360857165,-0.37998197903014547,-0.1988598182318914,-0.1032647333956966,-0.03295696344292447,-0.014509185948189719,-0.058495971351835443,0.029246289090647044
2009-07-08,-0.0857346754807689,-0.10568456375838894,-0.0383231412938526,-0.2624476286240974,-0.2521734234234231,-0.03496358834827164,-0.018973043942067124,-0.0291827072337784,0.10130547945205479,-0.022954128440366966
2009-07-09,0.17828977533241627,0.02415811088295668,0.00397344398340233,0.08069452719380255,-0.03440069484655563,0.17459169256852214,0.059446294754371354,-0.002390185991293974,-0.04642469201218695,-0.004987083811710749
2009-07-10,-0.07529524653085325,-0.03700170357751281,-0.022306419589675577,-0.11473104616687854,-0.03453065969194975,-0.06604478477781658,-0.010016726403823187,0.008259215219976107,-0.03277351635042372,-0.009609678813193153
2009-07-13,-0.02573055597182662,-0.1080411663807887,-0.0267407781707934,-0.15161194029850808,-0.13864644107351237,-0.12348617719926054,-0.026549080985632828,-0.0403571428571427,-0.11329296502925582,-0.003023930384336411
2009-07-14,0.06389516493447779,0.07412320616030743,0.07372225090345894,0.10635886402753932,0.14078199052132712,0.1923593864134403,0.11713963871707696,0.02617577966788157,0.05798264642082451,0.014748546511627988
2009-07-15,0.03455302692250503,-0.01312500000000022,0.023147455698260534,0.38368682117506286,0.053325554259043215,0.06070731707317084,0.016943901338547212,0.005049765108687189,0.07143385753931537,0.01459370056090886
2009-07-16,-0.08430344216280136,0.04886812045690597,0.010258620689655204,-0.12458939622010508,0.06892111368909577,-0.001217252030659974,-0.005397550111358607,0.03307356559003252,-0.017841463414634034,-0.01048534016510104
2009-07-17,-0.09028695913461522,-0.07264837049742735,0.00239429928741084,-0.172580454928389,-0.12102475532527415,-0.004109479305741144,-0.004150359685415077,-0.015361497243146722,0.12051665379197489,-0.006777570629571165
2009-07-20,0.14368976594768235,0.02454450625869244,-0.009957325746799396,0.4639935313643702,0.053325554259043215,0.3220887429356959,0.019691145677535198,0.004027930331084132,0.15926462882096093,0.027243118604986325
2009-07-21,0.10215677524914482,-0.060145379023882915,-0.019069619244862147,-0.36185403032060187,-0.1563979118329471,-0.00606211575153689,0.024128785088042434,0.006616588419405432,-0.08788875994694943,-0.02396890459363955
2009-07-22,0.5065461437527334,0.02470773538676915,0.034852798447104365,0.9000287818505037,0.05124225435231667,0.09982412682685173,0.0029378571945307417,0.039055780617014514,0.13280900316050187,0.01859197468718538
2009-07-23,0.15457135285543916,0.1097351916376303,0.06485439949630095,-0.10886584679688137,0.08850352112676035,0.02534557757370676,0.00023639382127917393,0.028438639125152015,0.08511385470749362,0.10001845018450177
2009-07-24,0.17595140138853171,-0.03523565573770515,0.047532934131736655,0.9149130329261376,-0.0690613193838995,0.07651492281303617,-0.001701728430700458,0.007090787119856756,0.18496105238057395,-0.0062571163775982696
2009-07-27,0.006901478444527903,0.13253007906497108,0.026356030005770262,0.20920485071762931,0.13917423133235737,-0.0024174492578007585,0.04141525454348376,0.01467542102529864,0.01633394440495365,0.009058385423593468
2009-07-28,-0.006892059553350505,-0.012755033557047192,-0.013353115727002998,-0.19638286580742823,0.018453994808191827,-0.03870263716277664,-0.030510997478285205,-0.02230051432770008,-0.05669035570769479,-0.01359143763213528
2009-07-29,-0.0388992421418806,-0.16437941473259313,-0.0431876606683805,-1.0142156937945854,-0.2420495106505472,-0.19079481685542277,-0.06985226091010156,-0.06531434111417705,-0.19241967909570215,-0.061394448892447204
2009-07-30,-0.014542381369725606,0.20718002081165426,0.046956521739130556,0.07873776109660627,0.29998225901833164,0.028645569168125235,0.011313636363636442,0.06261750721022681,0.03372946663962656,0.009508585788077522
2009-07-31,0.0970178302360626,0.0925258937520885,-0.0034131736526946347,0.4867392187119294,0.154383051817922,0.06551422086672828,0.03074770917830855,0.024185315470398764,0.09457309003408869,0.08923599556295064
2009-08-03,0.22459652581002762,-0.03389290407358761,-0.015851322373123675,0.2686452988079268,-0.0488907657657661,-0.041346428945256704,0.037541188126077804,-0.01001104972375689,0.014660111158615081,0.023000651465798
2009-08-04,0.13104505779665054,-0.10411239669421457,-0.01842478644853047,0.03157600248678779,-0.20437588451740665,-0.06273938795656488,-0.04130841121495329,-0.03549647756766781,0.18619933477722755,-0.015678031274032153
2009-08-05,-0.23630144860887559,-0.05856420626895859,-0.032583014986776404,-0.36901411728203376,-0.08467863346844247,-0.09990006447453227,-0.051724493554327775,-0.03256682867557703,-0.07069112348509662,0.04216489499611096
2009-08-06,-0.14740079604390355,-0.06105281090289593,-0.038389140271493205,-0.2711807152485924,-0.10683810637054364,-0.08956574451669799,-0.03742426566454488,-0.030003104625892604,-0.12489878089699141,-0.007695017614494294
2009-08-07,-0.2020250962852523,-0.13284975878704372,-0.010976975731176114,-0.4502296720122492,-0.14053222945002972,-0.06553029164161171,0.0,-0.023915109280962854,-0.11789842381786336,-0.06436487854251007
2009-08-10,-0.09933997670506026,-0.04986930413281488,-0.04251412429378528,-0.18080718602533508,-0.019213213213213537,-0.05595239005005555,-0.025855603363202143,-0.01178548439008706,-0.015286322188450144,-0.0217590872910587
2009-08-11,0.15399999999999991,0.02516577540106932,0.010436901088192334,0.05666945606694691,0.035756846223291935,0.035100372035343406,-0.0035344098578504505,0.0008571891979563301,0.02262465373961233,-0.0018733153638813614
2009-08-12,-0.2626569305662309,-0.14837118523775716,-0.05378543814433001,-0.8514420350291907,-0.35617505995203813,-0.17535092774000202,-0.05289509811838812,-0.03720538174744673,-0.17626682838083688,-0.08347503373819168
2009-08-13,-0.019108108108108427,0.06339292229113468,0.023957597173144975,0.11894265390357436,0.16820336868371852,0.06573311367380563,0.014496760077421619,0.02346435100548438,0.04174109253449114,0.0
2009-08-14,-0.05411692892023856,-0.16448611611972605,-0.045772787318361915,-0.35729135780936727,-0.29393568147013777,-0.08122899948610517,-0.029221357526322433,-0.035955322805007815,-0.11253623802661716,-0.05328499641062445
2009-08-17,-0.29290415466886055,-0.274629973968018,-0.04771418779986293,-1.031636525612471,-0.266101265822785,-0.19127269792591384,-0.051244626058825876,-0.09619446772841574,-0.17715330396475762,-0.04918333830994328
2009-08-18,0.19112081513828222,0.027649823736780044,0.01705431878895806,0.2714325016601848,0.13704041720990823,0.03991014664745226,-0.012186586338265313,-0.013112802148612292,0.026992410756113427,0.02753753288964558
2009-08-19,-0.004249649368864116,-0.09522603273577539,-0.03210332103321025,-0.3951914098972922,-0.30818882466281305,-0.13595803608896312,-0.03297844750491876,-0.033000993407387456,-0.20061977715877416,-0.055270906055547214
2009-08-20,0.14815412689500318,0.16585085283617604,0.055888928957807324,1.1604980879541087,0.3007178464606188,0.21199800156399323,0.08021879730287607,0.04530975902502092,0.2358551157580282,0.07491544175754707
2009-08-21,0.038565389335878934,0.06897228637413377,0.008266574585635414,0.1105743938445027,0.20879665379665302,0.0,-0.008323392116182486,0.009339368949444118,0.07027721402214046,0.010422915416916577
2009-08-24,0.1120855325483825,-0.04127708095780984,-0.023341337907375567,0.2784044444444452,-0.0373765335011007,0.13645105399942256,0.004330766888511926,-0.01950556792873045,0.10358130942188942,-0.010345340875260458
2009-08-25,-0.015377995498477222,-0.14765607047108417,-0.07773156239077259,0.02368867512024488,-0.262710044219835,-0.12366294375747922,-0.07201734229351836,-0.0922626353790613,-0.11819480123655658,-0.02668266346730656
2009-08-26,0.034203187250996116,0.042755905511811056,-0.001408083441981592,0.20255086891974305,0.05647479674796654,0.04303214917877586,0.021696104968573694,0.014950495049504913,0.028820568630118167,0.028267584097859327
2009-08-27,-0.1465505869938007,0.012726562499999544,0.00446391944806993,-0.4587521574042114,-0.0561279896574005,-0.08807086133170403,-0.027136474411047905,-0.014803921568627417,-0.08989895360847887,0.011456616214596075
2009-08-28,-0.26344246705610613,-0.09522603273577539,-0.04120401337792624,-0.33938087635266856,-0.1367284552845536,-0.13209719735143494,-0.06012995990598658,-0.05123810439296353,-0.1349312277126849,-0.03264268727705102
2009-08-31,-0.5059409488318767,-0.3209321697738993,-0.05203611217825604,-1.135511404779145,-0.3168372400132057,-0.2220294599018006,-0.08700429889388012,-0.09450646766169173,-0.2901989132544149,0.0
2009-09-01,0.08124402676011468,0.10530354131534628,0.03837307152875178,0.08048607742310968,0.18442544459644378,0.17160311958405575,0.0540862996688743,0.03542192973145103,0.060683944510162804,-0.048237442922374564
2009-09-02,0.0,0.13024813895781595,0.04311880225549295,0.15694090382387035,0.0,0.028962350780532664,0.034692934512570654,0.056378344741755015,0.10860891558646837,0.004383475244402498
2009-09-03,0.25491456341119306,0.16886510500807742,0.046192893401015296,0.5361490623804048,0.38300368756285624,0.1694039505100936,0.0812924149281185,0.07608878224355121,0.18932391215941402,0.04653725243634079
2009-09-04,-0.04295627518280815,-0.012761457109282736,0.010282916213275282,-0.012560511916904861,0.09410553410553418,0.0014954399700157074,0.005851146255868162,0.0030182752712734173,-0.012347796998948642,0.0029596958174905445
2009-09-07,0.03876429861529211,0.0,0.004079870480302165,-0.026710904872391732,0.0,0.06677129298143386,0.02662915740278578,-0.0020081694689844222,0.01624742070156929,0.001054788283502785
2009-09-08,0.030171769977595242,0.06822143698468792,0.04563743948359332,0.06452221602528409,0.1921146496815282,0.04002415656731101,0.019340952550362472,0.01895938362027961,0.1143888703288315,0.0
2009-09-09,0.0464884929472898,-0.01263280341217574,-0.0163523100882506,0.08779331419576034,-0.05701809107922651,-0.04803721269609641,0.0005166747009071584,-0.010780648191639087,0.050091452205881994,0.0
2009-09-10,-0.09658672943945851,-0.04220753983676646,-0.0057433380084151026,-0.09981759557807471,0.05737602008788455,0.06286558345642548,-0.00774706500788494,-0.015858643201816732,-0.037717268495503074,0.0
2009-09-11,0.15376481175941226,0.1786603995299649,0.04349418809439938,0.3027977017885269,0.31645040548970743,0.07881362094037822,0.0517234389459303,0.06887263339070572,0.08442598187311161,0.0
2009-09-14,0.045574963609898315,0.0,0.009438202247191115,0.08631463947559957,0.016533011757611706,0.015172905525846719,0.007719275933698072,0.00759487882944669,0.013219388436373537,0.04068395511070661
2009-09-15,-0.00801356030005779,-0.039124004550625965,-0.006813112538019608,0.0,-0.0880168522419501,-0.020626257843021228,-0.012587660148348029,0.011404003639672455,0.02197855275402157,0.0
2009-09-16,-0.10288253142609448,-0.06637127578304056,-0.03896024464831812,-0.09814492753622925,-0.12775448192038844,-0.09116382387941302,-0.031718723404255265,-0.03204641921791763,-0.04102137767220904,-0.026214822454692806
2009-09-17,0.14673303834808263,0.07979118329466411,0.015241935483870957,0.3146610787171994,0.2760308166409858,0.12164041568563795,0.05244341720814614,0.01825152242111094,0.09988314005352329,0.03799068929268667
2009-09-18,-0.1592374946251975,-0.15934070121951205,-0.049544430971764995,-0.43006440071556173,-0.1968531259347893,-0.1538786685050231,-0.05608243532223578,-0.056991521560762114,-0.1034258220419434,-0.040027773717292804
2009-09-21,-0.08819002515909387,0.02771495877502923,-0.009996393797331518,-0.16470080763583225,-0.05588505044328958,0.05002622305990345,0.019511126686525316,-0.005007105637138817,-0.023901283140340644,0.0485370258880193
2009-09-22,-0.15973791233619516,-0.0827226562500003,-0.0249618320610687,-0.37029471733086017,-0.07309750845893515,-0.06619860796374233,-0.02634927486187832,-0.04062072243346001,-0.11793257312840856,-0.008086096567771968
2009-09-23,-0.03063462435837657,-0.040924236414121656,-0.022195438531429572,-0.2855353420504087,-0.03684341085271289,-0.02019463418648689,-0.022504625143159228,-0.02138810198300277,-0.1152816108138555,-0.03314365125804569
2009-09-24,0.04030516431924895,0.04123501199040795,0.030203850509626224,0.1713232459521981,0.07398505603984999,0.017327019314281062,0.0271253137325206,0.039201347602060836,0.018418379803701708,-0.019580398621309815
2009-09-25,0.017248874398385534,-0.05600158667195515,0.001393548387096827,-0.06461215532868862,-0.09032736256948742,0.1133709438313295,0.018061824888030212,-0.018083832335329165,0.015278074347277218,-0.0019015047879615808
2009-09-28,-0.07969982980040254,-0.028292585170340473,-0.048720309335297356,-0.3032190403218101,-0.33640673736743576,-0.1326059101465527,-0.05469681219681231,-0.03468719452590438,-0.10037659327925831,0.005077625570776258
2009-09-29,0.036519415186291676,0.015314262691377204,0.01858264700248993,-0.06769358299200373,0.03847797927461111,0.024623508946322217,0.020960947387452702,0.012539269634817437,-0.005936438137117603,-0.002107976948741422
2009-09-30,0.003941002029030664,0.06981116914423469,0.002853907134767734,0.17571526485851643,0.0589487262173493,-0.01872391223809341,0.013870451107749772,0.02067672157174041,0.041638293611055116,0.005277946537059613
2009-10-09,0.21894884591391175,0.14000396667988882,0.05149152542372894,0.6267332105824202,0.3250688881768669,0.16584432772240418,0.06741459764042967,0.0746427173061865,0.2475488840608339,0.03743682856710546
2009-10-12,-0.08152466367713045,-0.01469837587006892,0.0,-0.24522474535090358,0.03676361386138584,-0.0622645330368489,-0.002468076198451004,0.007746478873239397,-0.06321741112124005,-0.01720347723589207
2009-10-13,0.061379519902765155,0.0547421481194257,0.017553826669079054,0.18300967191352296,0.056332819722650286,0.07596627808478908,0.02928817114093967,0.038674832962138056,0.08022167372980045,0.014308518573772924
2009-10-14,0.10309216451516069,0.01250671785028838,-0.005845824411134858,0.2445797373358347,0.05318836140888119,0.0551205320033245,0.02096171993599478,-0.013116178067318143,0.07461025710787628,-0.0010262847017129136
2009-10-16,-0.06760076493086216,-0.06654921486020687,-0.004456233421750765,0.012393850658856615,-0.11153142159853582,-0.031517330818203335,-0.003953303684879315,0.017283215822726856,0.029303690181249228,0.0
2009-10-19,0.06851796630386178,0.06737495153160145,0.015875776397515664,0.1764831748354072,0.09315009264978359,0.08566369578134253,0.04184403377409589,0.0,0.11427993457863454,0.01639444610331436
2009-10-20,0.08022947925860521,0.09566449636154692,0.019652996845425763,0.24973665158370806,0.20118618159584242,0.1350785279404353,0.02381358548822849,0.07081115335868199,0.011447695623342172,0.020305444887118235
2009-10-21,-0.029249927599189138,0.012261949567180583,-0.005653149266609104,-0.1358869169713723,0.054681423870774806,-0.03532033008252073,-0.019614495280694418,0.015277585610515275,-0.01876099252714571,-0.01495927865037827
2009-10-22,-0.07060879697057973,-0.05301539616973298,-0.03341653666146655,-0.13546435314213584,-0.0733809099018737,-0.030350817438692182,-0.015778880935888674,0.004524441400565038,-0.028875685557587055,-0.01512202293443102
2009-10-23,0.10965288035450531,0.09472127417519871,0.045769230769230916,0.31147272068152887,0.18082733812949722,0.04655989017274927,0.027401160752541714,0.06766387845681125,0.09557732650834937,0.013222354340071359
2009-10-26,-0.03285383836923517,-0.014166977264255769,0.0,-0.13409005962445555,0.03492651381540243,0.15371027931697365,0.019292636398321215,0.02479454292949929,-0.032958416324539615,-0.011051236749116481
2009-10-27,-0.19180005820721777,-0.15827354260089743,-0.04676288659793818,-0.43281754574811643,-0.22749633967789157,-0.058218576458204434,-0.008619717250714429,-0.025243529979103063,-0.13685341992765523,-0.04084594835262697
2009-10-28,0.030555135380426583,0.02717090069284137,-0.004496788008565415,0.024936021356899592,-0.05489489489489494,-0.026894913256473515,-0.029104500208167735,-0.016168873630864833,0.029051148360408535,-0.0010626911314984484
2009-10-29,-0.11237407908585152,-0.0935848333971666,-0.04016475644699139,-0.3159104697122888,-0.1988157099697887,-0.1512193132092267,-0.04771657505612754,-0.038801123688341724,-0.07274814372279614,-0.023184391736801823
2009-10-30,0.057465785022297274,0.12273577552611124,0.0030299667036625738,0.21884038965904815,0.20323656578134672,0.02414546716003701,0.009419917245811996,0.06287398236092262,0.02000787401574803,0.007570806100217895
2009-11-02,0.06065835487304222,0.10760670731707327,0.036969920649566515,0.1534251895690783,0.25404229607250783,0.11755526608175962,0.08783144543714108,0.07818611088496308,0.10246719388198496,0.018071505958829823
2009-11-03,0.10318509615384625,0.0,0.023040516314090934,0.13808376099706532,0.0,0.05063602530703351,0.02257354315403872,0.009701215264339366,0.028193044354838603,0.012530175706646328
2009-11-04,0.02156213191990571,0.014204035874438798,0.012644366197183185,0.06309699118262033,0.0,0.003812428797177583,-0.005198794738002353,0.008013382556529655,0.008279520679038052,-0.003157177468201023
2009-11-05,0.0836607535551975,0.06476332463660088,-0.00263552379292323,0.22385256294149733,0.12358612580834755,0.0024903623747113135,-0.011453921640965191,-0.007162420625812798,-0.013185759926973899,0.01054788283502804
2009-11-06,-0.0203922699740413,-0.04000000000000004,-0.002861135371179017,-0.012105827672507612,-0.05301624129930399,-0.0051240184926983415,0.0008775912761919272,0.0006964409255131328,0.020671417854463817,0.004187377617110921
2009-11-09,-0.004387489139877883,0.01410389610389634,-0.009926470588235281,-0.11054472271914195,0.053325554259043215,0.023161027223630216,0.02747945103581657,-0.013574337303111896,-0.0031960597657381476,0.028806127046102997
2009-11-10,-0.0329347826086956,0.012057735011103342,0.0,-0.03658233546412041,0.11928654292343371,0.013991306571209424,-0.005344796182288531,0.0016390138005893703,-0.0075065257924176445,-0.01206561718405164
2009-11-11,-0.05893508388037934,0.0,-0.00711487559555321,-0.09929170802129311,0.018316633266533378,0.024108761329305197,0.0060375288050039,-0.03157527881040908,-0.01887555038630916,-0.015471950133570824
2009-11-12,-0.012671586715867414,-0.02606720827178798,-0.004248447204968972,-0.07529224904701591,-0.06789714285714235,-0.06308585694127829,-0.010064081558346918,-0.019827558930548796,0.004097236737594738,0.005215368452648845
2009-11-13,-0.003736312518496517,0.01410389610389634,0.008750000000000133,0.03704257452821727,0.03420264824409876,-0.025669068450849312,-0.006440889410728717,0.026021962167361315,-0.03384862653419049,0.011430921052631703
2009-11-16,0.12712868354805265,0.11655810510732756,0.03542705570291773,0.3249549713454021,0.24114711786636098,0.11869463869463846,0.03221865781710906,0.04021590103222746,0.17483129935391223,0.01628503633397592
2009-11-17,0.04960277336414821,0.03738043478260895,0.008235294117647113,0.061953766511957886,0.04852193350097712,0.0,-0.001461474790369541,0.011241845114743979,-0.011844466600199152,0.002037525652301334
2009-11-18,0.16397511085681613,0.10160489384670754,0.00968899521531099,0.20776700755891495,0.116853807670929,-0.01634364557507826,-0.012460008646779045,-0.0134595459393569,0.04364324324324293,0.017090163934426333
2009-11-19,0.016091715156552843,-0.01150830095372618,-0.005555367135831736,0.18145128700694266,-0.03260702524698221,-0.02634376014720205,-0.018154735923177664,-0.026580828657083673,-0.01254005208744369,0.013867842683632147
2009-11-20,-0.09136169037425725,-0.03844247787610622,-0.010945324476239174,-0.15598261625380516,-0.11579179289451898,0.06071802135541521,-0.019714507026668205,-0.007325508607198676,-0.04319358034475937,-0.01373085182534
2009-11-23,0.04474683544303777,0.013550802139036802,0.0056288659793814,0.08465742609000847,-0.015297071129706562,0.037397774836332484,-0.01030221323446808,0.010685642396603225,0.03105195431880348,-0.010049161364950982
2009-11-24,-0.19572006134114073,-0.12551564722617345,-0.038580225795415736,-0.5039394203910604,-0.2528248113998328,-0.15937373737373722,-0.005785301777827973,-0.05210961898813244,-0.10956661891117474,-0.03806000582580827
2009-11-25,0.057860768672951875,0.03953403713141613,0.001556379036527388,0.14927035537561695,0.018385057471264676,0.08366509155345508,0.03471678798908089,0.014286754002911317,0.07289698772778001,0.01352949985025465
2009-11-26,-0.16003011184399202,-0.19035417419587997,-0.05240747268241114,-0.5042914474270931,-0.25687410381416775,-0.09320002892681478,-0.055254662973222506,-0.07015941680685733,-0.11822504537205104,-0.04596915319590702
2009-11-27,0.016451947282689356,-0.11998876404494324,-0.0354505332842956,-0.20230719735269634,0.0,-0.18199481673454318,-0.05682913662129333,-0.027274636646223628,-0.11826108870967751,0.0021319018404909415
2009-11-30,0.09764575645756408,0.1081424741478352,0.027417218543046414,0.30713089589729314,0.08899970492770827,0.14472224377376094,0.03432360528861651,0.033977583846680336,0.10237795275590557,0.026395099540581855
2009-12-01,0.004387489139878533,0.026507698084867398,0.002799999999999899,0.03867415935672295,0.05074810052600734,0.02345037996481115,0.006226333569015748,0.008718098903857299,0.006656376860622567,-0.004177938082356388
2009-12-02,0.024840856481481342,0.03855381165919217,0.00745011086474502,0.0879761145045133,0.12218541121767001,0.0726129512467437,0.014647171507877444,0.0017587354409319214,0.02418505548289075,0.007123907145010511
2009-12-03,-0.0581629714943853,-0.012089053803339082,-0.01620132255694349,-0.06295392708144441,-0.12057355893318109,-0.00758361051208058,-0.019701913783104548,-0.014806381917899326,0.012429898719343947,-0.01438362327534492
2009-12-04,0.2714025633556661,0.18174042394942327,0.05392631187197628,0.5640764679107897,0.2603080499854702,0.24503716995642189,0.07049811587376366,0.07007636790869406,0.05458739684921218,0.030331868464918952
2009-12-07,-0.007677954388389856,-0.011723641597696587,0.005620985010706518,-0.07308342877279723,-0.049070358858434915,-0.002477918851780386,-0.00395239691585667,0.005086213810249397,-0.0024309392265192856,-0.015460477532255703
2009-12-08,0.015379291251384444,-0.07636855391273017,-0.022831764078877114,-0.15878428596708521,-0.13761931818181802,-0.05523682938617687,-0.03313420010461031,-0.02341459515626238,-0.07712389924226914,-0.009172165566886721
2009-12-09,0.06342119790229042,-0.11519385515727837,-0.027584584765695776,-0.1844819578420863,-0.13708681857513713,-0.10992928408892037,-0.028771896201464243,-0.0381269789721523,-0.061695471174466984,-0.02287288647342995
2009-12-10,-0.050933624097042274,0.03855381165919217,0.0074583795782464015,-0.04892179880801884,0.03479355783308905,-0.007469220246237973,0.0029777394575954096,0.010438947193070156,0.01530467642890896,0.005333844973138987
2009-12-11,-0.06257744733581154,-0.012089053803339082,-0.0030121368150054935,-0.11192628147074868,-0.015997666277712375,0.023888768664791227,-0.0011269257839994777,0.011241624617420775,-0.004187208954586394,-0.00531345565749243
2009-12-14,0.4231214275756308,0.16962439568612878,0.02508387096774206,0.614289360926249,0.1549152542372877,0.03490463215258853,0.006408500313087037,0.035087445603087214,0.027954137075383214,0.01173445894090573
2009-12-15,-0.022086441986107413,-0.11357374684457319,-0.015940719320441058,-0.27851763877892316,-0.102431034482759,-0.1300408729030421,-0.024437823733302146,-0.0075124378109452,-0.013469102314148025,-0.011636225266362378
2009-12-16,-0.10765503875968993,0.01200000000000046,0.008995057660625961,-0.12265921288014238,-0.050467887242079956,-0.026825746721040426,-0.003743154218588734,-0.003287903225806577,-0.02023246902541789,0.004267075978511226
2009-12-17,-0.15866666666666698,-0.07583241455347349,-0.0016030534351144288,-0.2608370123434534,-0.10683810637054364,-0.09150022192632061,-0.03571400143277891,-0.03380505940353988,-0.0712993526814424,-0.021057383320581522
2009-12-18,0.023401935395938874,-0.02631010063361888,-0.013070063694267605,-0.21379392386530277,-0.07026611472501544,-0.10165316474863743,0.0,-0.027588458994708995,-0.07135722756621435,-0.013822249844623997
2009-12-21,-0.007536290869624284,0.0,0.0013902169915410605,0.08943558850787828,0.01906436233611474,0.017669269315930665,-0.04973937236610599,-0.031662315789473754,-0.02579702970297001,0.007416823603264238
2009-12-22,0.004116847826086503,-0.04067415730337082,-0.028005143277002095,-0.36834885221720115,-0.12501932798096888,-0.06743357698108793,-0.03916684387360199,-0.044029760880784266,-0.10894629318563581,-0.007377458632531959
2009-12-23,0.042506109150149525,0.0,-0.007574675934623338,0.10370841579492897,0.0,0.04928638867033833,0.000746602367382823,-0.0036121201382122397,-0.011197511664074908,0.0010907093534211943
2009-12-24,0.09993941841680146,0.0799132075471701,0.016669816669816526,0.21884038965904815,0.16257461561652017,0.07721380275122368,0.034496341409981104,0.03701243339253994,0.1434490751691188,0.015039987454916092
2009-12-25,-0.014666666666666826,-0.052502789140945076,-0.01339675433687733,-0.1142861105973744,-0.035195497630331495,-0.02661825251601109,-0.009563268442622916,-0.02617891816920934,-0.0384652527075811,-0.013800806701830605
2009-12-28,0.08691910499139409,0.05301539616973386,0.018054298642533845,0.2317018899543808,0.14132619684805248,0.09095674866638542,0.012112415602287872,0.03583186309103742,0.05702921409957456,0.00740520213099357
2009-12-29,0.0637576467525709,0.09087021197471164,0.025527881040892184,0.18814566495224166,0.10438067349926831,-0.0025451202581515836,-0.0010047724561104867,0.03422059457130546,0.03210738796931768,0.0021664588528677842
2009-12-30,0.15838046272493497,0.11519385515727837,0.08332665330661333,0.32602052865837,0.19052692530399437,0.14396598332957852,0.055863539445628996,0.07481294236602619,0.08791115647466073,0.03958450046685336
2009-12-31,-0.01825149551345901,0.013613896848137762,0.023468899521531097,0.012070225470099373,0.08554169030062489,0.012579452799420153,0.012483844580777127,0.0024245343609507093,0.0033283048144476276,-0.001051596308064738
